stateabb1,stateabb2,year
AAB,ARG,1997
AAB,BAR,1997
AAB,BHM,1997
AAB,BLZ,1997
AAB,BOL,1997
AAB,BRA,1997
AAB,CAN,1997
AAB,CHL,1997
AAB,COL,1997
AAB,COS,1997
AAB,DMA,1997
AAB,DOM,1997
AAB,ECU,1997
AAB,GRN,1997
AAB,GUA,1997
AAB,GUY,1997
AAB,HAI,1997
AAB,HON,1997
AAB,JAM,1997
AAB,MEX,1997
AAB,NIC,1997
AAB,PAN,1997
AAB,PAR,1997
AAB,PER,1997
AAB,SAL,1997
AAB,SKN,1997
AAB,SLU,1997
AAB,SUR,1997
AAB,SVG,1997
AAB,TRI,1997
AAB,URU,1997
AAB,USA,1997
AAB,VEN,1997
ALG,BAH,1997
ALG,COM,1997
ALG,DJI,1997
ALG,IRQ,1997
ALG,JOR,1997
ALG,KUW,1997
ALG,LEB,1997
ALG,LIB,1997
ALG,MAA,1997
ALG,MOR,1997
ALG,OMA,1997
ALG,QAT,1997
ALG,SAU,1997
ALG,SOM,1997
ALG,SUD,1997
ALG,SYR,1997
ALG,TUN,1997
ALG,UAE,1997
ALG,YEM,1997
ARG,AAB,1997
ARG,BAR,1997
ARG,BHM,1997
ARG,BLZ,1997
ARG,BOL,1997
ARG,BRA,1997
ARG,CAN,1997
ARG,CHL,1997
ARG,COL,1997
ARG,COS,1997
ARG,DMA,1997
ARG,DOM,1997
ARG,ECU,1997
ARG,GRN,1997
ARG,GUA,1997
ARG,GUY,1997
ARG,HAI,1997
ARG,HON,1997
ARG,JAM,1997
ARG,MEX,1997
ARG,NIC,1997
ARG,PAN,1997
ARG,PAR,1997
ARG,PER,1997
ARG,SAL,1997
ARG,SKN,1997
ARG,SLU,1997
ARG,SUR,1997
ARG,SVG,1997
ARG,TRI,1997
ARG,URU,1997
ARG,USA,1997
ARG,VEN,1997
ARM,AZE,1997
ARM,BLR,1997
ARM,GRG,1997
ARM,KYR,1997
ARM,KZK,1997
ARM,RUS,1997
ARM,TAJ,1997
ARM,UZB,1997
AUL,USA,1997
AZE,ARM,1997
AZE,BLR,1997
AZE,GRG,1997
AZE,KYR,1997
AZE,KZK,1997
AZE,RUS,1997
AZE,TAJ,1997
AZE,TUR,1997
AZE,UZB,1997
BAH,ALG,1997
BAH,COM,1997
BAH,DJI,1997
BAH,IRQ,1997
BAH,JOR,1997
BAH,KUW,1997
BAH,LEB,1997
BAH,LIB,1997
BAH,MOR,1997
BAH,OMA,1997
BAH,QAT,1997
BAH,SAU,1997
BAH,SOM,1997
BAH,SUD,1997
BAH,SYR,1997
BAH,TUN,1997
BAH,UAE,1997
BAH,YEM,1997
BAR,AAB,1997
BAR,ARG,1997
BAR,BHM,1997
BAR,BLZ,1997
BAR,BOL,1997
BAR,BRA,1997
BAR,CAN,1997
BAR,CHL,1997
BAR,COL,1997
BAR,COS,1997
BAR,DMA,1997
BAR,DOM,1997
BAR,ECU,1997
BAR,GRN,1997
BAR,GUA,1997
BAR,GUY,1997
BAR,HAI,1997
BAR,HON,1997
BAR,JAM,1997
BAR,MEX,1997
BAR,NIC,1997
BAR,PAN,1997
BAR,PAR,1997
BAR,PER,1997
BAR,SAL,1997
BAR,SKN,1997
BAR,SLU,1997
BAR,SUR,1997
BAR,SVG,1997
BAR,TRI,1997
BAR,URU,1997
BAR,USA,1997
BAR,VEN,1997
BEL,CAN,1997
BEL,CZR,1997
BEL,DEN,1997
BEL,FRN,1997
BEL,GMY,1997
BEL,GRC,1997
BEL,HUN,1997
BEL,ICE,1997
BEL,ITA,1997
BEL,LUX,1997
BEL,NOR,1997
BEL,NTH,1997
BEL,POL,1997
BEL,POR,1997
BEL,SPN,1997
BEL,TUR,1997
BEL,UKG,1997
BEL,USA,1997
BEN,BFO,1997
BEN,CDI,1997
BEN,GAM,1997
BEN,GHA,1997
BEN,GNB,1997
BEN,GUI,1997
BEN,LBR,1997
BEN,MAA,1997
BEN,NIG,1997
BEN,NIR,1997
BEN,SEN,1997
BEN,SIE,1997
BEN,TOG,1997
BFO,BEN,1997
BFO,CDI,1997
BFO,GAM,1997
BFO,GHA,1997
BFO,GNB,1997
BFO,GUI,1997
BFO,LBR,1997
BFO,MAA,1997
BFO,MLI,1997
BFO,NIG,1997
BFO,NIR,1997
BFO,SEN,1997
BFO,SIE,1997
BFO,TOG,1997
BHM,AAB,1997
BHM,ARG,1997
BHM,BAR,1997
BHM,BLZ,1997
BHM,BOL,1997
BHM,BRA,1997
BHM,CAN,1997
BHM,CHL,1997
BHM,COL,1997
BHM,COS,1997
BHM,DMA,1997
BHM,DOM,1997
BHM,ECU,1997
BHM,GRN,1997
BHM,GUA,1997
BHM,GUY,1997
BHM,HAI,1997
BHM,HON,1997
BHM,JAM,1997
BHM,MEX,1997
BHM,NIC,1997
BHM,PAN,1997
BHM,PAR,1997
BHM,PER,1997
BHM,SAL,1997
BHM,SKN,1997
BHM,SLU,1997
BHM,SUR,1997
BHM,SVG,1997
BHM,TRI,1997
BHM,URU,1997
BHM,USA,1997
BHM,VEN,1997
BLR,ARM,1997
BLR,AZE,1997
BLR,GRG,1997
BLR,KYR,1997
BLR,KZK,1997
BLR,RUS,1997
BLR,TAJ,1997
BLR,UZB,1997
BLZ,AAB,1997
BLZ,ARG,1997
BLZ,BAR,1997
BLZ,BHM,1997
BLZ,BOL,1997
BLZ,BRA,1997
BLZ,CAN,1997
BLZ,CHL,1997
BLZ,COL,1997
BLZ,COS,1997
BLZ,DMA,1997
BLZ,DOM,1997
BLZ,ECU,1997
BLZ,GRN,1997
BLZ,GUA,1997
BLZ,GUY,1997
BLZ,HAI,1997
BLZ,HON,1997
BLZ,JAM,1997
BLZ,MEX,1997
BLZ,NIC,1997
BLZ,PAN,1997
BLZ,PAR,1997
BLZ,PER,1997
BLZ,SAL,1997
BLZ,SKN,1997
BLZ,SLU,1997
BLZ,SUR,1997
BLZ,SVG,1997
BLZ,TRI,1997
BLZ,URU,1997
BLZ,USA,1997
BLZ,VEN,1997
BOL,AAB,1997
BOL,ARG,1997
BOL,BAR,1997
BOL,BHM,1997
BOL,BLZ,1997
BOL,BRA,1997
BOL,CAN,1997
BOL,CHL,1997
BOL,COL,1997
BOL,COS,1997
BOL,DMA,1997
BOL,DOM,1997
BOL,ECU,1997
BOL,GRN,1997
BOL,GUA,1997
BOL,GUY,1997
BOL,HAI,1997
BOL,HON,1997
BOL,JAM,1997
BOL,MEX,1997
BOL,NIC,1997
BOL,PAN,1997
BOL,PAR,1997
BOL,PER,1997
BOL,SAL,1997
BOL,SKN,1997
BOL,SLU,1997
BOL,SUR,1997
BOL,SVG,1997
BOL,TRI,1997
BOL,URU,1997
BOL,USA,1997
BOL,VEN,1997
BOS,CRO,1997
BRA,AAB,1997
BRA,ARG,1997
BRA,BAR,1997
BRA,BHM,1997
BRA,BLZ,1997
BRA,BOL,1997
BRA,CAN,1997
BRA,CHL,1997
BRA,COL,1997
BRA,COS,1997
BRA,DMA,1997
BRA,DOM,1997
BRA,ECU,1997
BRA,GRN,1997
BRA,GUA,1997
BRA,GUY,1997
BRA,HAI,1997
BRA,HON,1997
BRA,JAM,1997
BRA,MEX,1997
BRA,NIC,1997
BRA,PAN,1997
BRA,PAR,1997
BRA,PER,1997
BRA,SAL,1997
BRA,SKN,1997
BRA,SLU,1997
BRA,SUR,1997
BRA,SVG,1997
BRA,TRI,1997
BRA,URU,1997
BRA,USA,1997
BRA,VEN,1997
CAN,AAB,1997
CAN,ARG,1997
CAN,BAH,1997
CAN,BAR,1997
CAN,BEL,1997
CAN,BHM,1997
CAN,BLZ,1997
CAN,BOL,1997
CAN,BRA,1997
CAN,CHL,1997
CAN,COL,1997
CAN,COS,1997
CAN,CZR,1997
CAN,DEN,1997
CAN,DMA,1997
CAN,DOM,1997
CAN,ECU,1997
CAN,FRN,1997
CAN,GMY,1997
CAN,GRC,1997
CAN,GRN,1997
CAN,GUA,1997
CAN,GUY,1997
CAN,HAI,1997
CAN,HON,1997
CAN,HUN,1997
CAN,ICE,1997
CAN,ITA,1997
CAN,JAM,1997
CAN,LUX,1997
CAN,MEX,1997
CAN,NIC,1997
CAN,NOR,1997
CAN,NTH,1997
CAN,PAN,1997
CAN,PAR,1997
CAN,PER,1997
CAN,POL,1997
CAN,POR,1997
CAN,SAL,1997
CAN,SKN,1997
CAN,SLU,1997
CAN,SPN,1997
CAN,SUR,1997
CAN,SVG,1997
CAN,TRI,1997
CAN,TUR,1997
CAN,UKG,1997
CAN,URU,1997
CAN,USA,1997
CAN,VEN,1997
CDI,BEN,1997
CDI,BFO,1997
CDI,GAM,1997
CDI,GHA,1997
CDI,GNB,1997
CDI,GUI,1997
CDI,LBR,1997
CDI,MAA,1997
CDI,MLI,1997
CDI,NIG,1997
CDI,NIR,1997
CDI,SEN,1997
CDI,SIE,1997
CDI,TOG,1997
CEN,FRN,1997
CHL,AAB,1997
CHL,ARG,1997
CHL,BAR,1997
CHL,BHM,1997
CHL,BLZ,1997
CHL,BOL,1997
CHL,BRA,1997
CHL,CAN,1997
CHL,COL,1997
CHL,COS,1997
CHL,DMA,1997
CHL,DOM,1997
CHL,ECU,1997
CHL,GRN,1997
CHL,GUA,1997
CHL,GUY,1997
CHL,HAI,1997
CHL,HON,1997
CHL,JAM,1997
CHL,MEX,1997
CHL,NIC,1997
CHL,PAN,1997
CHL,PAR,1997
CHL,PER,1997
CHL,SAL,1997
CHL,SKN,1997
CHL,SLU,1997
CHL,SUR,1997
CHL,SVG,1997
CHL,TRI,1997
CHL,URU,1997
CHL,USA,1997
CHL,VEN,1997
CHN,PRK,1997
COL,AAB,1997
COL,ARG,1997
COL,BAR,1997
COL,BHM,1997
COL,BLZ,1997
COL,BOL,1997
COL,BRA,1997
COL,CAN,1997
COL,CHL,1997
COL,COS,1997
COL,DMA,1997
COL,DOM,1997
COL,ECU,1997
COL,GRN,1997
COL,GUA,1997
COL,GUY,1997
COL,HAI,1997
COL,HON,1997
COL,JAM,1997
COL,MEX,1997
COL,NIC,1997
COL,PAN,1997
COL,PAR,1997
COL,PER,1997
COL,SAL,1997
COL,SKN,1997
COL,SLU,1997
COL,SUR,1997
COL,SVG,1997
COL,TRI,1997
COL,URU,1997
COL,USA,1997
COL,VEN,1997
COM,ALG,1997
COM,BAH,1997
COM,DJI,1997
COM,FRN,1997
COM,IRQ,1997
COM,JOR,1997
COM,KUW,1997
COM,LEB,1997
COM,LIB,1997
COM,MOR,1997
COM,OMA,1997
COM,QAT,1997
COM,SAU,1997
COM,SOM,1997
COM,SUD,1997
COM,SYR,1997
COM,TUN,1997
COM,UAE,1997
COM,YEM,1997
COS,AAB,1997
COS,ARG,1997
COS,BAR,1997
COS,BHM,1997
COS,BLZ,1997
COS,BOL,1997
COS,BRA,1997
COS,CAN,1997
COS,CHL,1997
COS,COL,1997
COS,DMA,1997
COS,DOM,1997
COS,ECU,1997
COS,GRN,1997
COS,GUA,1997
COS,GUY,1997
COS,HAI,1997
COS,HON,1997
COS,JAM,1997
COS,MEX,1997
COS,NIC,1997
COS,PAN,1997
COS,PAR,1997
COS,PER,1997
COS,SAL,1997
COS,SKN,1997
COS,SLU,1997
COS,SUR,1997
COS,SVG,1997
COS,TRI,1997
COS,URU,1997
COS,USA,1997
COS,VEN,1997
CRO,BOS,1997
CUB,PRK,1997
CZR,BEL,1997
CZR,CAN,1997
CZR,DEN,1997
CZR,FRN,1997
CZR,GMY,1997
CZR,GRC,1997
CZR,HUN,1997
CZR,ICE,1997
CZR,ITA,1997
CZR,LUX,1997
CZR,NOR,1997
CZR,NTH,1997
CZR,POL,1997
CZR,POR,1997
CZR,SLO,1997
CZR,SPN,1997
CZR,TUR,1997
CZR,UKG,1997
CZR,USA,1997
DEN,BEL,1997
DEN,CAN,1997
DEN,CZR,1997
DEN,FRN,1997
DEN,GMY,1997
DEN,GRC,1997
DEN,HUN,1997
DEN,ICE,1997
DEN,ITA,1997
DEN,LUX,1997
DEN,NOR,1997
DEN,NTH,1997
DEN,POL,1997
DEN,POR,1997
DEN,SPN,1997
DEN,TUR,1997
DEN,UKG,1997
DEN,USA,1997
DJI,ALG,1997
DJI,BAH,1997
DJI,COM,1997
DJI,IRQ,1997
DJI,JOR,1997
DJI,KUW,1997
DJI,LEB,1997
DJI,LIB,1997
DJI,MOR,1997
DJI,OMA,1997
DJI,QAT,1997
DJI,SAU,1997
DJI,SOM,1997
DJI,SUD,1997
DJI,SYR,1997
DJI,TUN,1997
DJI,UAE,1997
DJI,YEM,1997
DMA,AAB,1997
DMA,ARG,1997
DMA,BAR,1997
DMA,BHM,1997
DMA,BLZ,1997
DMA,BOL,1997
DMA,BRA,1997
DMA,CAN,1997
DMA,CHL,1997
DMA,COL,1997
DMA,COS,1997
DMA,DOM,1997
DMA,ECU,1997
DMA,GRN,1997
DMA,GUA,1997
DMA,GUY,1997
DMA,HAI,1997
DMA,HON,1997
DMA,JAM,1997
DMA,MEX,1997
DMA,NIC,1997
DMA,PAN,1997
DMA,PAR,1997
DMA,PER,1997
DMA,SAL,1997
DMA,SKN,1997
DMA,SLU,1997
DMA,SUR,1997
DMA,SVG,1997
DMA,TRI,1997
DMA,URU,1997
DMA,USA,1997
DMA,VEN,1997
DOM,AAB,1997
DOM,ARG,1997
DOM,BAR,1997
DOM,BHM,1997
DOM,BLZ,1997
DOM,BOL,1997
DOM,BRA,1997
DOM,CAN,1997
DOM,CHL,1997
DOM,COL,1997
DOM,COS,1997
DOM,DMA,1997
DOM,ECU,1997
DOM,GRN,1997
DOM,GUA,1997
DOM,GUY,1997
DOM,HAI,1997
DOM,HON,1997
DOM,JAM,1997
DOM,MEX,1997
DOM,NIC,1997
DOM,PAN,1997
DOM,PAR,1997
DOM,PER,1997
DOM,SAL,1997
DOM,SKN,1997
DOM,SLU,1997
DOM,SUR,1997
DOM,SVG,1997
DOM,TRI,1997
DOM,URU,1997
DOM,USA,1997
DOM,VEN,1997
ECU,AAB,1997
ECU,ARG,1997
ECU,BAR,1997
ECU,BHM,1997
ECU,BLZ,1997
ECU,BOL,1997
ECU,BRA,1997
ECU,CAN,1997
ECU,CHL,1997
ECU,COL,1997
ECU,COS,1997
ECU,DMA,1997
ECU,DOM,1997
ECU,GRN,1997
ECU,GUA,1997
ECU,GUY,1997
ECU,HAI,1997
ECU,HON,1997
ECU,JAM,1997
ECU,MEX,1997
ECU,NIC,1997
ECU,PAN,1997
ECU,PAR,1997
ECU,PER,1997
ECU,SAL,1997
ECU,SKN,1997
ECU,SLU,1997
ECU,SUR,1997
ECU,SVG,1997
ECU,TRI,1997
ECU,URU,1997
ECU,USA,1997
ECU,VEN,1997
ETH,KEN,1997
FRN,BEL,1997
FRN,CAN,1997
FRN,CEN,1997
FRN,COM,1997
FRN,CZR,1997
FRN,DEN,1997
FRN,DJI,1997
FRN,GAB,1997
FRN,GMY,1997
FRN,GRC,1997
FRN,HUN,1997
FRN,ICE,1997
FRN,ITA,1997
FRN,LUX,1997
FRN,NOR,1997
FRN,NTH,1997
FRN,POL,1997
FRN,POR,1997
FRN,SEN,1997
FRN,SPN,1997
FRN,TUR,1997
FRN,UKG,1997
FRN,USA,1997
GAB,FRN,1997
GAM,BEN,1997
GAM,BFO,1997
GAM,CDI,1997
GAM,GHA,1997
GAM,GNB,1997
GAM,GUI,1997
GAM,LBR,1997
GAM,MAA,1997
GAM,NIG,1997
GAM,NIR,1997
GAM,SEN,1997
GAM,SIE,1997
GAM,TOG,1997
GHA,BEN,1997
GHA,BFO,1997
GHA,CDI,1997
GHA,GAM,1997
GHA,GNB,1997
GHA,GUI,1997
GHA,LBR,1997
GHA,MAA,1997
GHA,NIG,1997
GHA,NIR,1997
GHA,SEN,1997
GHA,SIE,1997
GHA,TOG,1997
GMY,BEL,1997
GMY,CAN,1997
GMY,CZR,1997
GMY,DEN,1997
GMY,FRN,1997
GMY,GRC,1997
GMY,HUN,1997
GMY,ICE,1997
GMY,ITA,1997
GMY,LUX,1997
GMY,NOR,1997
GMY,NTH,1997
GMY,POL,1997
GMY,POR,1997
GMY,SPN,1997
GMY,TUR,1997
GMY,UKG,1997
GMY,USA,1997
GNB,BEN,1997
GNB,BFO,1997
GNB,CDI,1997
GNB,GAM,1997
GNB,GHA,1997
GNB,GUI,1997
GNB,LBR,1997
GNB,MAA,1997
GNB,NIG,1997
GNB,NIR,1997
GNB,SEN,1997
GNB,SIE,1997
GNB,TOG,1997
GRC,BEL,1997
GRC,CAN,1997
GRC,CZR,1997
GRC,DEN,1997
GRC,FRN,1997
GRC,GMY,1997
GRC,HUN,1997
GRC,ICE,1997
GRC,ITA,1997
GRC,LUX,1997
GRC,NOR,1997
GRC,NTH,1997
GRC,POL,1997
GRC,POR,1997
GRC,SPN,1997
GRC,TUR,1997
GRC,UKG,1997
GRC,USA,1997
GRG,ARM,1997
GRG,AZE,1997
GRG,BLR,1997
GRG,KYR,1997
GRG,KZK,1997
GRG,RUS,1997
GRG,TAJ,1997
GRG,UZB,1997
GRN,AAB,1997
GRN,ARG,1997
GRN,BAR,1997
GRN,BHM,1997
GRN,BLZ,1997
GRN,BOL,1997
GRN,BRA,1997
GRN,CAN,1997
GRN,CHL,1997
GRN,COL,1997
GRN,COS,1997
GRN,DMA,1997
GRN,DOM,1997
GRN,ECU,1997
GRN,GUA,1997
GRN,GUY,1997
GRN,HAI,1997
GRN,HON,1997
GRN,JAM,1997
GRN,MEX,1997
GRN,NIC,1997
GRN,PAN,1997
GRN,PAR,1997
GRN,PER,1997
GRN,SAL,1997
GRN,SKN,1997
GRN,SLU,1997
GRN,SUR,1997
GRN,SVG,1997
GRN,TRI,1997
GRN,URU,1997
GRN,USA,1997
GRN,VEN,1997
GUA,AAB,1997
GUA,ARG,1997
GUA,BAR,1997
GUA,BHM,1997
GUA,BLZ,1997
GUA,BOL,1997
GUA,BRA,1997
GUA,CAN,1997
GUA,CHL,1997
GUA,COL,1997
GUA,COS,1997
GUA,DMA,1997
GUA,DOM,1997
GUA,ECU,1997
GUA,GRN,1997
GUA,GUY,1997
GUA,HAI,1997
GUA,HON,1997
GUA,JAM,1997
GUA,MEX,1997
GUA,NIC,1997
GUA,PAN,1997
GUA,PAR,1997
GUA,PER,1997
GUA,SAL,1997
GUA,SKN,1997
GUA,SLU,1997
GUA,SUR,1997
GUA,SVG,1997
GUA,TRI,1997
GUA,URU,1997
GUA,USA,1997
GUA,VEN,1997
GUI,BEN,1997
GUI,BFO,1997
GUI,CDI,1997
GUI,GAM,1997
GUI,GHA,1997
GUI,GNB,1997
GUI,LBR,1997
GUI,MAA,1997
GUI,NIG,1997
GUI,NIR,1997
GUI,SEN,1997
GUI,SIE,1997
GUI,TOG,1997
GUY,AAB,1997
GUY,ARG,1997
GUY,BAR,1997
GUY,BHM,1997
GUY,BLZ,1997
GUY,BOL,1997
GUY,BRA,1997
GUY,CAN,1997
GUY,CHL,1997
GUY,COL,1997
GUY,COS,1997
GUY,DMA,1997
GUY,DOM,1997
GUY,ECU,1997
GUY,GRN,1997
GUY,GUA,1997
GUY,HAI,1997
GUY,HON,1997
GUY,JAM,1997
GUY,MEX,1997
GUY,NIC,1997
GUY,PAN,1997
GUY,PAR,1997
GUY,PER,1997
GUY,SAL,1997
GUY,SKN,1997
GUY,SLU,1997
GUY,SUR,1997
GUY,SVG,1997
GUY,TRI,1997
GUY,URU,1997
GUY,USA,1997
GUY,VEN,1997
HAI,AAB,1997
HAI,ARG,1997
HAI,BAR,1997
HAI,BHM,1997
HAI,BLZ,1997
HAI,BOL,1997
HAI,BRA,1997
HAI,CAN,1997
HAI,CHL,1997
HAI,COL,1997
HAI,COS,1997
HAI,DMA,1997
HAI,DOM,1997
HAI,ECU,1997
HAI,GRN,1997
HAI,GUA,1997
HAI,GUY,1997
HAI,HON,1997
HAI,JAM,1997
HAI,MEX,1997
HAI,NIC,1997
HAI,PAN,1997
HAI,PAR,1997
HAI,PER,1997
HAI,SAL,1997
HAI,SKN,1997
HAI,SLU,1997
HAI,SUR,1997
HAI,SVG,1997
HAI,TRI,1997
HAI,URU,1997
HAI,USA,1997
HAI,VEN,1997
HON,AAB,1997
HON,ARG,1997
HON,BAR,1997
HON,BHM,1997
HON,BLZ,1997
HON,BOL,1997
HON,BRA,1997
HON,CAN,1997
HON,CHL,1997
HON,COL,1997
HON,COS,1997
HON,DMA,1997
HON,DOM,1997
HON,ECU,1997
HON,GRN,1997
HON,GUA,1997
HON,GUY,1997
HON,HAI,1997
HON,JAM,1997
HON,MEX,1997
HON,NIC,1997
HON,PAN,1997
HON,PAR,1997
HON,PER,1997
HON,SAL,1997
HON,SKN,1997
HON,SLU,1997
HON,SUR,1997
HON,SVG,1997
HON,TRI,1997
HON,URU,1997
HON,USA,1997
HON,VEN,1997
HUN,BEL,1997
HUN,CAN,1997
HUN,CZR,1997
HUN,DEN,1997
HUN,FRN,1997
HUN,GMY,1997
HUN,GRC,1997
HUN,ICE,1997
HUN,ITA,1997
HUN,LUX,1997
HUN,NOR,1997
HUN,NTH,1997
HUN,POL,1997
HUN,POR,1997
HUN,SPN,1997
HUN,TUR,1997
HUN,UKG,1997
HUN,USA,1997
ICE,BEL,1997
ICE,CAN,1997
ICE,CZR,1997
ICE,DEN,1997
ICE,FRN,1997
ICE,GMY,1997
ICE,GRC,1997
ICE,HUN,1997
ICE,ITA,1997
ICE,LUX,1997
ICE,NOR,1997
ICE,NTH,1997
ICE,POL,1997
ICE,POR,1997
ICE,SPN,1997
ICE,TUR,1997
ICE,UKG,1997
ICE,USA,1997
IRQ,ALG,1997
IRQ,BAH,1997
IRQ,COM,1997
IRQ,DJI,1997
IRQ,JOR,1997
IRQ,KUW,1997
IRQ,LEB,1997
IRQ,LIB,1997
IRQ,MOR,1997
IRQ,OMA,1997
IRQ,QAT,1997
IRQ,SAU,1997
IRQ,SOM,1997
IRQ,SUD,1997
IRQ,SYR,1997
IRQ,TUN,1997
IRQ,UAE,1997
IRQ,YEM,1997
ITA,BEL,1997
ITA,CAN,1997
ITA,CZR,1997
ITA,DEN,1997
ITA,FRN,1997
ITA,GMY,1997
ITA,GRC,1997
ITA,HUN,1997
ITA,ICE,1997
ITA,LUX,1997
ITA,NOR,1997
ITA,NTH,1997
ITA,POL,1997
ITA,POR,1997
ITA,SPN,1997
ITA,TUR,1997
ITA,UKG,1997
ITA,USA,1997
JAM,AAB,1997
JAM,ARG,1997
JAM,BAR,1997
JAM,BHM,1997
JAM,BLZ,1997
JAM,BOL,1997
JAM,BRA,1997
JAM,CAN,1997
JAM,CHL,1997
JAM,COL,1997
JAM,COS,1997
JAM,DMA,1997
JAM,DOM,1997
JAM,ECU,1997
JAM,GRN,1997
JAM,GUA,1997
JAM,GUY,1997
JAM,HAI,1997
JAM,HON,1997
JAM,MEX,1997
JAM,NIC,1997
JAM,PAN,1997
JAM,PAR,1997
JAM,PER,1997
JAM,SAL,1997
JAM,SKN,1997
JAM,SLU,1997
JAM,SUR,1997
JAM,SVG,1997
JAM,TRI,1997
JAM,URU,1997
JAM,USA,1997
JAM,VEN,1997
JOR,ALG,1997
JOR,BAH,1997
JOR,COM,1997
JOR,DJI,1997
JOR,IRQ,1997
JOR,KUW,1997
JOR,LEB,1997
JOR,LIB,1997
JOR,MOR,1997
JOR,OMA,1997
JOR,QAT,1997
JOR,SAU,1997
JOR,SOM,1997
JOR,SUD,1997
JOR,SYR,1997
JOR,TUN,1997
JOR,UAE,1997
JOR,YEM,1997
KEN,ETH,1997
KUW,ALG,1997
KUW,BAH,1997
KUW,COM,1997
KUW,DJI,1997
KUW,IRQ,1997
KUW,JOR,1997
KUW,LEB,1997
KUW,LIB,1997
KUW,MOR,1997
KUW,OMA,1997
KUW,QAT,1997
KUW,SAU,1997
KUW,SOM,1997
KUW,SUD,1997
KUW,SYR,1997
KUW,TUN,1997
KUW,UAE,1997
KUW,YEM,1997
KYR,ARM,1997
KYR,AZE,1997
KYR,BLR,1997
KYR,GRG,1997
KYR,KZK,1997
KYR,RUS,1997
KYR,TAJ,1997
KYR,UZB,1997
KZK,ARM,1997
KZK,AZE,1997
KZK,BLR,1997
KZK,GRG,1997
KZK,KYR,1997
KZK,RUS,1997
KZK,TAJ,1997
KZK,UZB,1997
LBR,BEN,1997
LBR,BFO,1997
LBR,CDI,1997
LBR,GAM,1997
LBR,GHA,1997
LBR,GNB,1997
LBR,GUI,1997
LBR,MAA,1997
LBR,NIG,1997
LBR,NIR,1997
LBR,SEN,1997
LBR,SIE,1997
LBR,TOG,1997
LEB,ALG,1997
LEB,BAH,1997
LEB,COM,1997
LEB,DJI,1997
LEB,IRQ,1997
LEB,JOR,1997
LEB,KUW,1997
LEB,LIB,1997
LEB,MOR,1997
LEB,OMA,1997
LEB,QAT,1997
LEB,SAU,1997
LEB,SOM,1997
LEB,SUD,1997
LEB,SYR,1997
LEB,TUN,1997
LEB,UAE,1997
LEB,YEM,1997
LIB,ALG,1997
LIB,BAH,1997
LIB,COM,1997
LIB,DJI,1997
LIB,IRQ,1997
LIB,JOR,1997
LIB,KUW,1997
LIB,LEB,1997
LIB,MAA,1997
LIB,MOR,1997
LIB,OMA,1997
LIB,QAT,1997
LIB,SAU,1997
LIB,SOM,1997
LIB,SUD,1997
LIB,SYR,1997
LIB,TUN,1997
LIB,UAE,1997
LIB,YEM,1997
LUX,BEL,1997
LUX,CAN,1997
LUX,CZR,1997
LUX,DEN,1997
LUX,FRN,1997
LUX,GMY,1997
LUX,GRC,1997
LUX,HUN,1997
LUX,ICE,1997
LUX,ITA,1997
LUX,NOR,1997
LUX,NTH,1997
LUX,POL,1997
LUX,POR,1997
LUX,SPN,1997
LUX,TUR,1997
LUX,UKG,1997
LUX,USA,1997
MAA,ALG,1997
MAA,BEN,1997
MAA,BFO,1997
MAA,CDI,1997
MAA,GAM,1997
MAA,GHA,1997
MAA,GNB,1997
MAA,GUI,1997
MAA,LBR,1997
MAA,LIB,1997
MAA,MLI,1997
MAA,MOR,1997
MAA,NIG,1997
MAA,NIR,1997
MAA,SEN,1997
MAA,SIE,1997
MAA,TOG,1997
MAA,TUN,1997
MEX,AAB,1997
MEX,ARG,1997
MEX,BAR,1997
MEX,BHM,1997
MEX,BLZ,1997
MEX,BOL,1997
MEX,BRA,1997
MEX,CAN,1997
MEX,CHL,1997
MEX,COL,1997
MEX,COS,1997
MEX,DMA,1997
MEX,DOM,1997
MEX,ECU,1997
MEX,GRN,1997
MEX,GUA,1997
MEX,GUY,1997
MEX,HAI,1997
MEX,HON,1997
MEX,JAM,1997
MEX,NIC,1997
MEX,PAN,1997
MEX,PAR,1997
MEX,PER,1997
MEX,SAL,1997
MEX,SKN,1997
MEX,SLU,1997
MEX,SUR,1997
MEX,SVG,1997
MEX,TRI,1997
MEX,URU,1997
MEX,USA,1997
MEX,VEN,1997
MLI,BFO,1997
MLI,CDI,1997
MLI,MAA,1997
MLI,NIR,1997
MLI,SEN,1997
MLI,TOG,1997
MOR,ALG,1997
MOR,BAH,1997
MOR,COM,1997
MOR,DJI,1997
MOR,IRQ,1997
MOR,JOR,1997
MOR,KUW,1997
MOR,LEB,1997
MOR,LIB,1997
MOR,MAA,1997
MOR,OMA,1997
MOR,QAT,1997
MOR,SAU,1997
MOR,SOM,1997
MOR,SUD,1997
MOR,SYR,1997
MOR,TUN,1997
MOR,UAE,1997
MOR,YEM,1997
NIC,AAB,1997
NIC,ARG,1997
NIC,BAR,1997
NIC,BHM,1997
NIC,BLZ,1997
NIC,BOL,1997
NIC,BRA,1997
NIC,CAN,1997
NIC,CHL,1997
NIC,COL,1997
NIC,COS,1997
NIC,DMA,1997
NIC,DOM,1997
NIC,ECU,1997
NIC,GRN,1997
NIC,GUA,1997
NIC,GUY,1997
NIC,HAI,1997
NIC,HON,1997
NIC,JAM,1997
NIC,MEX,1997
NIC,PAN,1997
NIC,PAR,1997
NIC,PER,1997
NIC,SAL,1997
NIC,SKN,1997
NIC,SLU,1997
NIC,SUR,1997
NIC,SVG,1997
NIC,TRI,1997
NIC,URU,1997
NIC,USA,1997
NIC,VEN,1997
NIG,BEN,1997
NIG,BFO,1997
NIG,CDI,1997
NIG,GAM,1997
NIG,GHA,1997
NIG,GNB,1997
NIG,GUI,1997
NIG,LBR,1997
NIG,MAA,1997
NIG,NIR,1997
NIG,SEN,1997
NIG,SIE,1997
NIG,TOG,1997
NIR,BEN,1997
NIR,BFO,1997
NIR,CDI,1997
NIR,GAM,1997
NIR,GHA,1997
NIR,GNB,1997
NIR,GUI,1997
NIR,LBR,1997
NIR,MAA,1997
NIR,MLI,1997
NIR,NIG,1997
NIR,SEN,1997
NIR,SIE,1997
NIR,TOG,1997
NOR,BEL,1997
NOR,CAN,1997
NOR,CZR,1997
NOR,DEN,1997
NOR,FRN,1997
NOR,GMY,1997
NOR,GRC,1997
NOR,HUN,1997
NOR,ICE,1997
NOR,ITA,1997
NOR,LUX,1997
NOR,NTH,1997
NOR,POL,1997
NOR,POR,1997
NOR,SPN,1997
NOR,TUR,1997
NOR,UKG,1997
NOR,USA,1997
NTH,BEL,1997
NTH,CAN,1997
NTH,CZR,1997
NTH,DEN,1997
NTH,FRN,1997
NTH,GMY,1997
NTH,GRC,1997
NTH,HUN,1997
NTH,ICE,1997
NTH,ITA,1997
NTH,LUX,1997
NTH,NOR,1997
NTH,POL,1997
NTH,POR,1997
NTH,SPN,1997
NTH,TUR,1997
NTH,UKG,1997
NTH,USA,1997
OMA,ALG,1997
OMA,BAH,1997
OMA,COM,1997
OMA,DJI,1997
OMA,IRQ,1997
OMA,JOR,1997
OMA,KUW,1997
OMA,LEB,1997
OMA,LIB,1997
OMA,MOR,1997
OMA,QAT,1997
OMA,SAU,1997
OMA,SOM,1997
OMA,SUD,1997
OMA,SYR,1997
OMA,TUN,1997
OMA,UAE,1997
OMA,YEM,1997
PAN,AAB,1997
PAN,ARG,1997
PAN,BAR,1997
PAN,BHM,1997
PAN,BLZ,1997
PAN,BOL,1997
PAN,BRA,1997
PAN,CAN,1997
PAN,CHL,1997
PAN,COL,1997
PAN,COS,1997
PAN,DMA,1997
PAN,DOM,1997
PAN,ECU,1997
PAN,GRN,1997
PAN,GUA,1997
PAN,GUY,1997
PAN,HAI,1997
PAN,HON,1997
PAN,JAM,1997
PAN,MEX,1997
PAN,NIC,1997
PAN,PAR,1997
PAN,PER,1997
PAN,SAL,1997
PAN,SKN,1997
PAN,SLU,1997
PAN,SUR,1997
PAN,SVG,1997
PAN,TRI,1997
PAN,URU,1997
PAN,USA,1997
PAN,VEN,1997
PAR,AAB,1997
PAR,ARG,1997
PAR,BAR,1997
PAR,BHM,1997
PAR,BLZ,1997
PAR,BOL,1997
PAR,BRA,1997
PAR,CAN,1997
PAR,CHL,1997
PAR,COL,1997
PAR,COS,1997
PAR,DMA,1997
PAR,DOM,1997
PAR,ECU,1997
PAR,GRN,1997
PAR,GUA,1997
PAR,GUY,1997
PAR,HAI,1997
PAR,HON,1997
PAR,JAM,1997
PAR,MEX,1997
PAR,NIC,1997
PAR,PAN,1997
PAR,PER,1997
PAR,SAL,1997
PAR,SKN,1997
PAR,SLU,1997
PAR,SUR,1997
PAR,SVG,1997
PAR,TRI,1997
PAR,URU,1997
PAR,USA,1997
PAR,VEN,1997
PER,AAB,1997
PER,ARG,1997
PER,BAR,1997
PER,BHM,1997
PER,BLZ,1997
PER,BOL,1997
PER,BRA,1997
PER,CAN,1997
PER,CHL,1997
PER,COL,1997
PER,COS,1997
PER,DMA,1997
PER,DOM,1997
PER,ECU,1997
PER,GRN,1997
PER,GUA,1997
PER,GUY,1997
PER,HAI,1997
PER,HON,1997
PER,JAM,1997
PER,MEX,1997
PER,NIC,1997
PER,PAN,1997
PER,PAR,1997
PER,SAL,1997
PER,SKN,1997
PER,SLU,1997
PER,SUR,1997
PER,SVG,1997
PER,TRI,1997
PER,URU,1997
PER,USA,1997
PER,VEN,1997
PHI,USA,1997
POL,BEL,1997
POL,CAN,1997
POL,CZR,1997
POL,DEN,1997
POL,FRN,1997
POL,GMY,1997
POL,GRC,1997
POL,HUN,1997
POL,ICE,1997
POL,ITA,1997
POL,LUX,1997
POL,NOR,1997
POL,NTH,1997
POL,POR,1997
POL,SPN,1997
POL,TUR,1997
POL,UKG,1997
POL,USA,1997
POR,BEL,1997
POR,CAN,1997
POR,CZR,1997
POR,DEN,1997
POR,FRN,1997
POR,GMY,1997
POR,GRC,1997
POR,HUN,1997
POR,ICE,1997
POR,ITA,1997
POR,LUX,1997
POR,NOR,1997
POR,NTH,1997
POR,POL,1997
POR,SPN,1997
POR,TUR,1997
POR,UKG,1997
POR,USA,1997
PRK,CHN,1997
PRK,CUB,1997
QAT,ALG,1997
QAT,BAH,1997
QAT,COM,1997
QAT,DJI,1997
QAT,IRQ,1997
QAT,JOR,1997
QAT,KUW,1997
QAT,LEB,1997
QAT,LIB,1997
QAT,MOR,1997
QAT,OMA,1997
QAT,SAU,1997
QAT,SOM,1997
QAT,SUD,1997
QAT,SYR,1997
QAT,TUN,1997
QAT,UAE,1997
QAT,YEM,1997
ROK,USA,1997
RUS,ARM,1997
RUS,AZE,1997
RUS,BLR,1997
RUS,GRG,1997
RUS,KYR,1997
RUS,KZK,1997
RUS,TAJ,1997
RUS,TKM,1997
RUS,UZB,1997
SAL,AAB,1997
SAL,ARG,1997
SAL,BAR,1997
SAL,BHM,1997
SAL,BLZ,1997
SAL,BOL,1997
SAL,BRA,1997
SAL,CAN,1997
SAL,CHL,1997
SAL,COL,1997
SAL,COS,1997
SAL,DMA,1997
SAL,DOM,1997
SAL,ECU,1997
SAL,GRN,1997
SAL,GUA,1997
SAL,GUY,1997
SAL,HAI,1997
SAL,HON,1997
SAL,JAM,1997
SAL,MEX,1997
SAL,NIC,1997
SAL,PAN,1997
SAL,PAR,1997
SAL,PER,1997
SAL,SKN,1997
SAL,SLU,1997
SAL,SUR,1997
SAL,SVG,1997
SAL,TRI,1997
SAL,URU,1997
SAL,USA,1997
SAL,VEN,1997
SAU,ALG,1997
SAU,BAH,1997
SAU,COM,1997
SAU,DJI,1997
SAU,IRQ,1997
SAU,JOR,1997
SAU,KUW,1997
SAU,LEB,1997
SAU,LIB,1997
SAU,MOR,1997
SAU,OMA,1997
SAU,QAT,1997
SAU,SOM,1997
SAU,SUD,1997
SAU,SYR,1997
SAU,TUN,1997
SAU,UAE,1997
SAU,YEM,1997
SEN,BEN,1997
SEN,BFO,1997
SEN,CDI,1997
SEN,FRN,1997
SEN,GAM,1997
SEN,GHA,1997
SEN,GNB,1997
SEN,GUI,1997
SEN,LBR,1997
SEN,MAA,1997
SEN,MLI,1997
SEN,NIG,1997
SEN,NIR,1997
SEN,SIE,1997
SEN,TOG,1997
SIE,BEN,1997
SIE,BFO,1997
SIE,CDI,1997
SIE,GAM,1997
SIE,GHA,1997
SIE,GNB,1997
SIE,GUI,1997
SIE,LBR,1997
SIE,MAA,1997
SIE,NIG,1997
SIE,NIR,1997
SIE,SEN,1997
SIE,TOG,1997
SKN,AAB,1997
SKN,ARG,1997
SKN,BAR,1997
SKN,BHM,1997
SKN,BLZ,1997
SKN,BOL,1997
SKN,BRA,1997
SKN,CAN,1997
SKN,CHL,1997
SKN,COL,1997
SKN,COS,1997
SKN,DMA,1997
SKN,DOM,1997
SKN,ECU,1997
SKN,GRN,1997
SKN,GUA,1997
SKN,GUY,1997
SKN,HAI,1997
SKN,HON,1997
SKN,JAM,1997
SKN,MEX,1997
SKN,NIC,1997
SKN,PAN,1997
SKN,PAR,1997
SKN,PER,1997
SKN,SAL,1997
SKN,SLU,1997
SKN,SUR,1997
SKN,SVG,1997
SKN,TRI,1997
SKN,URU,1997
SKN,USA,1997
SKN,VEN,1997
SLO,CZR,1997
SLU,AAB,1997
SLU,ARG,1997
SLU,BAR,1997
SLU,BHM,1997
SLU,BLZ,1997
SLU,BOL,1997
SLU,BRA,1997
SLU,CAN,1997
SLU,CHL,1997
SLU,COL,1997
SLU,COS,1997
SLU,DMA,1997
SLU,DOM,1997
SLU,ECU,1997
SLU,GRN,1997
SLU,GUA,1997
SLU,GUY,1997
SLU,HAI,1997
SLU,HON,1997
SLU,JAM,1997
SLU,MEX,1997
SLU,NIC,1997
SLU,PAN,1997
SLU,PAR,1997
SLU,PER,1997
SLU,SAL,1997
SLU,SKN,1997
SLU,SUR,1997
SLU,SVG,1997
SLU,TRI,1997
SLU,URU,1997
SLU,USA,1997
SLU,VEN,1997
SOM,ALG,1997
SOM,BAH,1997
SOM,COM,1997
SOM,DJI,1997
SOM,IRQ,1997
SOM,JOR,1997
SOM,KUW,1997
SOM,LEB,1997
SOM,LIB,1997
SOM,MOR,1997
SOM,OMA,1997
SOM,QAT,1997
SOM,SAU,1997
SOM,SUD,1997
SOM,SYR,1997
SOM,TUN,1997
SOM,UAE,1997
SOM,YEM,1997
SPN,BEL,1997
SPN,CAN,1997
SPN,CZR,1997
SPN,DEN,1997
SPN,FRN,1997
SPN,GMY,1997
SPN,GRC,1997
SPN,HUN,1997
SPN,ICE,1997
SPN,ITA,1997
SPN,LUX,1997
SPN,NOR,1997
SPN,NTH,1997
SPN,POL,1997
SPN,POR,1997
SPN,TUR,1997
SPN,UKG,1997
SPN,USA,1997
SUD,ALG,1997
SUD,BAH,1997
SUD,COM,1997
SUD,DJI,1997
SUD,IRQ,1997
SUD,JOR,1997
SUD,KUW,1997
SUD,LEB,1997
SUD,LIB,1997
SUD,MOR,1997
SUD,OMA,1997
SUD,QAT,1997
SUD,SAU,1997
SUD,SOM,1997
SUD,SYR,1997
SUD,TUN,1997
SUD,UAE,1997
SUD,YEM,1997
SUR,AAB,1997
SUR,ARG,1997
SUR,BAR,1997
SUR,BHM,1997
SUR,BLZ,1997
SUR,BOL,1997
SUR,BRA,1997
SUR,CAN,1997
SUR,CHL,1997
SUR,COL,1997
SUR,COS,1997
SUR,DMA,1997
SUR,DOM,1997
SUR,ECU,1997
SUR,GRN,1997
SUR,GUA,1997
SUR,GUY,1997
SUR,HAI,1997
SUR,HON,1997
SUR,JAM,1997
SUR,MEX,1997
SUR,NIC,1997
SUR,PAN,1997
SUR,PAR,1997
SUR,PER,1997
SUR,SAL,1997
SUR,SKN,1997
SUR,SLU,1997
SUR,SVG,1997
SUR,TRI,1997
SUR,URU,1997
SUR,USA,1997
SUR,VEN,1997
SVG,AAB,1997
SVG,ARG,1997
SVG,BAR,1997
SVG,BHM,1997
SVG,BLZ,1997
SVG,BOL,1997
SVG,BRA,1997
SVG,CAN,1997
SVG,CHL,1997
SVG,COL,1997
SVG,COS,1997
SVG,DMA,1997
SVG,DOM,1997
SVG,ECU,1997
SVG,GRN,1997
SVG,GUA,1997
SVG,GUY,1997
SVG,HAI,1997
SVG,HON,1997
SVG,JAM,1997
SVG,MEX,1997
SVG,NIC,1997
SVG,PAN,1997
SVG,PAR,1997
SVG,PER,1997
SVG,SAL,1997
SVG,SKN,1997
SVG,SLU,1997
SVG,SUR,1997
SVG,TRI,1997
SVG,URU,1997
SVG,USA,1997
SVG,VEN,1997
SYR,ALG,1997
SYR,BAH,1997
SYR,COM,1997
SYR,DJI,1997
SYR,IRQ,1997
SYR,JOR,1997
SYR,KUW,1997
SYR,LEB,1997
SYR,LIB,1997
SYR,MOR,1997
SYR,OMA,1997
SYR,QAT,1997
SYR,SAU,1997
SYR,SOM,1997
SYR,SUD,1997
SYR,TUN,1997
SYR,UAE,1997
SYR,YEM,1997
TAJ,ARM,1997
TAJ,AZE,1997
TAJ,BLR,1997
TAJ,GRG,1997
TAJ,KYR,1997
TAJ,KZK,1997
TAJ,RUS,1997
TAJ,UZB,1997
TKM,RUS,1997
TOG,BEN,1997
TOG,BFO,1997
TOG,CDI,1997
TOG,GAM,1997
TOG,GHA,1997
TOG,GNB,1997
TOG,GUI,1997
TOG,LBR,1997
TOG,MAA,1997
TOG,MLI,1997
TOG,NIG,1997
TOG,NIR,1997
TOG,SEN,1997
TOG,SIE,1997
TRI,AAB,1997
TRI,ARG,1997
TRI,BAR,1997
TRI,BHM,1997
TRI,BLZ,1997
TRI,BOL,1997
TRI,BRA,1997
TRI,CAN,1997
TRI,CHL,1997
TRI,COL,1997
TRI,COS,1997
TRI,DMA,1997
TRI,DOM,1997
TRI,ECU,1997
TRI,GRN,1997
TRI,GUA,1997
TRI,GUY,1997
TRI,HAI,1997
TRI,HON,1997
TRI,JAM,1997
TRI,MEX,1997
TRI,NIC,1997
TRI,PAN,1997
TRI,PAR,1997
TRI,PER,1997
TRI,SAL,1997
TRI,SKN,1997
TRI,SLU,1997
TRI,SUR,1997
TRI,SVG,1997
TRI,URU,1997
TRI,USA,1997
TRI,VEN,1997
TUN,ALG,1997
TUN,BAH,1997
TUN,COM,1997
TUN,DJI,1997
TUN,IRQ,1997
TUN,JOR,1997
TUN,KUW,1997
TUN,LEB,1997
TUN,LIB,1997
TUN,MAA,1997
TUN,MOR,1997
TUN,OMA,1997
TUN,QAT,1997
TUN,SAU,1997
TUN,SOM,1997
TUN,SUD,1997
TUN,SYR,1997
TUN,UAE,1997
TUN,YEM,1997
TUR,AZE,1997
TUR,BEL,1997
TUR,CAN,1997
TUR,CZR,1997
TUR,DEN,1997
TUR,FRN,1997
TUR,GMY,1997
TUR,GRC,1997
TUR,HUN,1997
TUR,ICE,1997
TUR,ITA,1997
TUR,LUX,1997
TUR,NOR,1997
TUR,NTH,1997
TUR,POL,1997
TUR,POR,1997
TUR,SPN,1997
TUR,UKG,1997
TUR,USA,1997
UAE,ALG,1997
UAE,BAH,1997
UAE,COM,1997
UAE,DJI,1997
UAE,IRQ,1997
UAE,JOR,1997
UAE,KUW,1997
UAE,LEB,1997
UAE,LIB,1997
UAE,MOR,1997
UAE,OMA,1997
UAE,QAT,1997
UAE,SAU,1997
UAE,SOM,1997
UAE,SUD,1997
UAE,SYR,1997
UAE,TUN,1997
UAE,YEM,1997
UKG,BEL,1997
UKG,CAN,1997
UKG,CZR,1997
UKG,DEN,1997
UKG,FRN,1997
UKG,GMY,1997
UKG,GRC,1997
UKG,HUN,1997
UKG,ICE,1997
UKG,ITA,1997
UKG,LUX,1997
UKG,NOR,1997
UKG,NTH,1997
UKG,POL,1997
UKG,POR,1997
UKG,SPN,1997
UKG,TUR,1997
UKG,USA,1997
URU,AAB,1997
URU,ARG,1997
URU,BAR,1997
URU,BHM,1997
URU,BLZ,1997
URU,BOL,1997
URU,BRA,1997
URU,CAN,1997
URU,CHL,1997
URU,COL,1997
URU,COS,1997
URU,DMA,1997
URU,DOM,1997
URU,ECU,1997
URU,GRN,1997
URU,GUA,1997
URU,GUY,1997
URU,HAI,1997
URU,HON,1997
URU,JAM,1997
URU,MEX,1997
URU,NIC,1997
URU,PAN,1997
URU,PAR,1997
URU,PER,1997
URU,SAL,1997
URU,SKN,1997
URU,SLU,1997
URU,SUR,1997
URU,SVG,1997
URU,TRI,1997
URU,USA,1997
URU,VEN,1997
USA,AAB,1997
USA,ARG,1997
USA,AUL,1997
USA,BAR,1997
USA,BEL,1997
USA,BHM,1997
USA,BLZ,1997
USA,BOL,1997
USA,BRA,1997
USA,CAN,1997
USA,CHL,1997
USA,COL,1997
USA,COS,1997
USA,CZR,1997
USA,DEN,1997
USA,DMA,1997
USA,DOM,1997
USA,ECU,1997
USA,FRN,1997
USA,GMY,1997
USA,GRC,1997
USA,GRN,1997
USA,GUA,1997
USA,GUY,1997
USA,HAI,1997
USA,HON,1997
USA,HUN,1997
USA,ICE,1997
USA,ITA,1997
USA,JAM,1997
USA,JPN,1997
USA,LUX,1997
USA,MEX,1997
USA,NIC,1997
USA,NOR,1997
USA,NTH,1997
USA,PAK,1997
USA,PAN,1997
USA,PAR,1997
USA,PER,1997
USA,PHI,1997
USA,POL,1997
USA,POR,1997
USA,ROK,1997
USA,SAL,1997
USA,SKN,1997
USA,SLU,1997
USA,SPN,1997
USA,SUR,1997
USA,SVG,1997
USA,TRI,1997
USA,TUR,1997
USA,UKG,1997
USA,URU,1997
USA,VEN,1997
UZB,ARM,1997
UZB,AZE,1997
UZB,BLR,1997
UZB,GRG,1997
UZB,KYR,1997
UZB,KZK,1997
UZB,RUS,1997
UZB,TAJ,1997
VEN,AAB,1997
VEN,ARG,1997
VEN,BAR,1997
VEN,BHM,1997
VEN,BLZ,1997
VEN,BOL,1997
VEN,BRA,1997
VEN,CAN,1997
VEN,CHL,1997
VEN,COL,1997
VEN,COS,1997
VEN,DMA,1997
VEN,DOM,1997
VEN,ECU,1997
VEN,GRN,1997
VEN,GUA,1997
VEN,GUY,1997
VEN,HAI,1997
VEN,HON,1997
VEN,JAM,1997
VEN,MEX,1997
VEN,NIC,1997
VEN,PAN,1997
VEN,PAR,1997
VEN,PER,1997
VEN,SAL,1997
VEN,SKN,1997
VEN,SLU,1997
VEN,SUR,1997
VEN,SVG,1997
VEN,TRI,1997
VEN,URU,1997
VEN,USA,1997
YEM,ALG,1997
YEM,BAH,1997
YEM,COM,1997
YEM,DJI,1997
YEM,IRQ,1997
YEM,JOR,1997
YEM,KUW,1997
YEM,LEB,1997
YEM,LIB,1997
YEM,MOR,1997
YEM,OMA,1997
YEM,QAT,1997
YEM,SAU,1997
YEM,SOM,1997
YEM,SUD,1997
YEM,SYR,1997
YEM,TUN,1997
YEM,UAE,1997
AAB,ARG,2002
AAB,BAR,2002
AAB,BHM,2002
AAB,BLZ,2002
AAB,BOL,2002
AAB,BRA,2002
AAB,CAN,2002
AAB,CHL,2002
AAB,COL,2002
AAB,COS,2002
AAB,DMA,2002
AAB,DOM,2002
AAB,ECU,2002
AAB,GRN,2002
AAB,GUA,2002
AAB,GUY,2002
AAB,HAI,2002
AAB,HON,2002
AAB,JAM,2002
AAB,MEX,2002
AAB,NIC,2002
AAB,PAN,2002
AAB,PAR,2002
AAB,PER,2002
AAB,SAL,2002
AAB,SKN,2002
AAB,SLU,2002
AAB,SUR,2002
AAB,SVG,2002
AAB,TRI,2002
AAB,URU,2002
AAB,USA,2002
AAB,VEN,2002
ALG,BAH,2002
ALG,COM,2002
ALG,DJI,2002
ALG,IRQ,2002
ALG,JOR,2002
ALG,KUW,2002
ALG,LEB,2002
ALG,LIB,2002
ALG,MAA,2002
ALG,MOR,2002
ALG,OMA,2002
ALG,QAT,2002
ALG,SAU,2002
ALG,SOM,2002
ALG,SUD,2002
ALG,SYR,2002
ALG,TUN,2002
ALG,UAE,2002
ALG,YEM,2002
ANG,BUI,2002
ANG,CAO,2002
ANG,CEN,2002
ANG,CHA,2002
ANG,CON,2002
ANG,DRC,2002
ANG,EQG,2002
ANG,GAB,2002
ANG,RWA,2002
ANG,STP,2002
ARG,AAB,2002
ARG,BAR,2002
ARG,BHM,2002
ARG,BLZ,2002
ARG,BOL,2002
ARG,BRA,2002
ARG,CAN,2002
ARG,CHL,2002
ARG,COL,2002
ARG,COS,2002
ARG,DMA,2002
ARG,DOM,2002
ARG,ECU,2002
ARG,GRN,2002
ARG,GUA,2002
ARG,GUY,2002
ARG,HAI,2002
ARG,HON,2002
ARG,JAM,2002
ARG,MEX,2002
ARG,NIC,2002
ARG,PAN,2002
ARG,PAR,2002
ARG,PER,2002
ARG,SAL,2002
ARG,SKN,2002
ARG,SLU,2002
ARG,SUR,2002
ARG,SVG,2002
ARG,TRI,2002
ARG,URU,2002
ARG,USA,2002
ARG,VEN,2002
ARM,AZE,2002
ARM,BLR,2002
ARM,GRG,2002
ARM,KYR,2002
ARM,KZK,2002
ARM,RUS,2002
ARM,TAJ,2002
ARM,UZB,2002
AUL,USA,2002
AZE,ARM,2002
AZE,BLR,2002
AZE,GRG,2002
AZE,KYR,2002
AZE,KZK,2002
AZE,RUS,2002
AZE,TAJ,2002
AZE,TUR,2002
AZE,UZB,2002
BAH,ALG,2002
BAH,COM,2002
BAH,DJI,2002
BAH,IRQ,2002
BAH,JOR,2002
BAH,KUW,2002
BAH,LEB,2002
BAH,LIB,2002
BAH,MOR,2002
BAH,OMA,2002
BAH,QAT,2002
BAH,SAU,2002
BAH,SOM,2002
BAH,SUD,2002
BAH,SYR,2002
BAH,TUN,2002
BAH,UAE,2002
BAH,YEM,2002
BAR,AAB,2002
BAR,ARG,2002
BAR,BHM,2002
BAR,BLZ,2002
BAR,BOL,2002
BAR,BRA,2002
BAR,CAN,2002
BAR,CHL,2002
BAR,COL,2002
BAR,COS,2002
BAR,DMA,2002
BAR,DOM,2002
BAR,ECU,2002
BAR,GRN,2002
BAR,GUA,2002
BAR,GUY,2002
BAR,HAI,2002
BAR,HON,2002
BAR,JAM,2002
BAR,MEX,2002
BAR,NIC,2002
BAR,PAN,2002
BAR,PAR,2002
BAR,PER,2002
BAR,SAL,2002
BAR,SKN,2002
BAR,SLU,2002
BAR,SUR,2002
BAR,SVG,2002
BAR,TRI,2002
BAR,URU,2002
BAR,USA,2002
BAR,VEN,2002
BEL,CAN,2002
BEL,CZR,2002
BEL,DEN,2002
BEL,FRN,2002
BEL,GMY,2002
BEL,GRC,2002
BEL,HUN,2002
BEL,ICE,2002
BEL,ITA,2002
BEL,LUX,2002
BEL,NOR,2002
BEL,NTH,2002
BEL,POL,2002
BEL,POR,2002
BEL,SPN,2002
BEL,TUR,2002
BEL,UKG,2002
BEL,USA,2002
BEN,BFO,2002
BEN,CDI,2002
BEN,GAM,2002
BEN,GHA,2002
BEN,GNB,2002
BEN,GUI,2002
BEN,LBR,2002
BEN,MAA,2002
BEN,NIG,2002
BEN,NIR,2002
BEN,SEN,2002
BEN,SIE,2002
BEN,TOG,2002
BFO,BEN,2002
BFO,CDI,2002
BFO,GAM,2002
BFO,GHA,2002
BFO,GNB,2002
BFO,GUI,2002
BFO,LBR,2002
BFO,MAA,2002
BFO,NIG,2002
BFO,NIR,2002
BFO,SEN,2002
BFO,SIE,2002
BFO,TOG,2002
BHM,AAB,2002
BHM,ARG,2002
BHM,BAR,2002
BHM,BLZ,2002
BHM,BOL,2002
BHM,BRA,2002
BHM,CAN,2002
BHM,CHL,2002
BHM,COL,2002
BHM,COS,2002
BHM,DMA,2002
BHM,DOM,2002
BHM,ECU,2002
BHM,GRN,2002
BHM,GUA,2002
BHM,GUY,2002
BHM,HAI,2002
BHM,HON,2002
BHM,JAM,2002
BHM,MEX,2002
BHM,NIC,2002
BHM,PAN,2002
BHM,PAR,2002
BHM,PER,2002
BHM,SAL,2002
BHM,SKN,2002
BHM,SLU,2002
BHM,SUR,2002
BHM,SVG,2002
BHM,TRI,2002
BHM,URU,2002
BHM,USA,2002
BHM,VEN,2002
BLR,ARM,2002
BLR,AZE,2002
BLR,GRG,2002
BLR,KYR,2002
BLR,KZK,2002
BLR,RUS,2002
BLR,TAJ,2002
BLR,UZB,2002
BLZ,AAB,2002
BLZ,ARG,2002
BLZ,BAR,2002
BLZ,BHM,2002
BLZ,BOL,2002
BLZ,BRA,2002
BLZ,CAN,2002
BLZ,CHL,2002
BLZ,COL,2002
BLZ,COS,2002
BLZ,DMA,2002
BLZ,DOM,2002
BLZ,ECU,2002
BLZ,GRN,2002
BLZ,GUA,2002
BLZ,GUY,2002
BLZ,HAI,2002
BLZ,HON,2002
BLZ,JAM,2002
BLZ,MEX,2002
BLZ,NIC,2002
BLZ,PAN,2002
BLZ,PAR,2002
BLZ,PER,2002
BLZ,SAL,2002
BLZ,SKN,2002
BLZ,SLU,2002
BLZ,SUR,2002
BLZ,SVG,2002
BLZ,TRI,2002
BLZ,URU,2002
BLZ,USA,2002
BLZ,VEN,2002
BOL,AAB,2002
BOL,ARG,2002
BOL,BAR,2002
BOL,BHM,2002
BOL,BLZ,2002
BOL,BRA,2002
BOL,CAN,2002
BOL,CHL,2002
BOL,COL,2002
BOL,COS,2002
BOL,DMA,2002
BOL,DOM,2002
BOL,ECU,2002
BOL,GRN,2002
BOL,GUA,2002
BOL,GUY,2002
BOL,HAI,2002
BOL,HON,2002
BOL,JAM,2002
BOL,MEX,2002
BOL,NIC,2002
BOL,PAN,2002
BOL,PAR,2002
BOL,PER,2002
BOL,SAL,2002
BOL,SKN,2002
BOL,SLU,2002
BOL,SUR,2002
BOL,SVG,2002
BOL,TRI,2002
BOL,URU,2002
BOL,USA,2002
BOL,VEN,2002
BOS,CRO,2002
BRA,AAB,2002
BRA,ARG,2002
BRA,BAR,2002
BRA,BHM,2002
BRA,BLZ,2002
BRA,BOL,2002
BRA,CAN,2002
BRA,CHL,2002
BRA,COL,2002
BRA,COS,2002
BRA,DMA,2002
BRA,DOM,2002
BRA,ECU,2002
BRA,GRN,2002
BRA,GUA,2002
BRA,GUY,2002
BRA,HAI,2002
BRA,HON,2002
BRA,JAM,2002
BRA,MEX,2002
BRA,NIC,2002
BRA,PAN,2002
BRA,PAR,2002
BRA,PER,2002
BRA,SAL,2002
BRA,SKN,2002
BRA,SLU,2002
BRA,SUR,2002
BRA,SVG,2002
BRA,TRI,2002
BRA,URU,2002
BRA,USA,2002
BRA,VEN,2002
BUI,ANG,2002
BUI,CAO,2002
BUI,CEN,2002
BUI,CHA,2002
BUI,CON,2002
BUI,DRC,2002
BUI,EQG,2002
BUI,GAB,2002
BUI,RWA,2002
BUI,STP,2002
CAN,AAB,2002
CAN,ARG,2002
CAN,BAH,2002
CAN,BAR,2002
CAN,BEL,2002
CAN,BHM,2002
CAN,BLZ,2002
CAN,BOL,2002
CAN,BRA,2002
CAN,CHL,2002
CAN,COL,2002
CAN,COS,2002
CAN,CZR,2002
CAN,DEN,2002
CAN,DMA,2002
CAN,DOM,2002
CAN,ECU,2002
CAN,FRN,2002
CAN,GMY,2002
CAN,GRC,2002
CAN,GRN,2002
CAN,GUA,2002
CAN,GUY,2002
CAN,HAI,2002
CAN,HON,2002
CAN,HUN,2002
CAN,ICE,2002
CAN,ITA,2002
CAN,JAM,2002
CAN,LUX,2002
CAN,MEX,2002
CAN,NIC,2002
CAN,NOR,2002
CAN,NTH,2002
CAN,PAN,2002
CAN,PAR,2002
CAN,PER,2002
CAN,POL,2002
CAN,POR,2002
CAN,SAL,2002
CAN,SKN,2002
CAN,SLU,2002
CAN,SPN,2002
CAN,SUR,2002
CAN,SVG,2002
CAN,TRI,2002
CAN,TUR,2002
CAN,UKG,2002
CAN,URU,2002
CAN,USA,2002
CAN,VEN,2002
CAO,ANG,2002
CAO,BUI,2002
CAO,CEN,2002
CAO,CHA,2002
CAO,CON,2002
CAO,DRC,2002
CAO,EQG,2002
CAO,GAB,2002
CAO,RWA,2002
CAO,STP,2002
CDI,BEN,2002
CDI,BFO,2002
CDI,GAM,2002
CDI,GHA,2002
CDI,GNB,2002
CDI,GUI,2002
CDI,LBR,2002
CDI,MAA,2002
CDI,NIG,2002
CDI,NIR,2002
CDI,SEN,2002
CDI,SIE,2002
CDI,TOG,2002
CEN,ANG,2002
CEN,BUI,2002
CEN,CAO,2002
CEN,CHA,2002
CEN,CON,2002
CEN,DRC,2002
CEN,EQG,2002
CEN,FRN,2002
CEN,GAB,2002
CEN,RWA,2002
CEN,STP,2002
CHA,ANG,2002
CHA,BUI,2002
CHA,CAO,2002
CHA,CEN,2002
CHA,CON,2002
CHA,DRC,2002
CHA,EQG,2002
CHA,GAB,2002
CHA,RWA,2002
CHA,STP,2002
CHL,AAB,2002
CHL,ARG,2002
CHL,BAR,2002
CHL,BHM,2002
CHL,BLZ,2002
CHL,BOL,2002
CHL,BRA,2002
CHL,CAN,2002
CHL,COL,2002
CHL,COS,2002
CHL,DMA,2002
CHL,DOM,2002
CHL,ECU,2002
CHL,GRN,2002
CHL,GUA,2002
CHL,GUY,2002
CHL,HAI,2002
CHL,HON,2002
CHL,JAM,2002
CHL,MEX,2002
CHL,NIC,2002
CHL,PAN,2002
CHL,PAR,2002
CHL,PER,2002
CHL,SAL,2002
CHL,SKN,2002
CHL,SLU,2002
CHL,SUR,2002
CHL,SVG,2002
CHL,TRI,2002
CHL,URU,2002
CHL,USA,2002
CHL,VEN,2002
CHN,PRK,2002
COL,AAB,2002
COL,ARG,2002
COL,BAR,2002
COL,BHM,2002
COL,BLZ,2002
COL,BOL,2002
COL,BRA,2002
COL,CAN,2002
COL,CHL,2002
COL,COS,2002
COL,DMA,2002
COL,DOM,2002
COL,ECU,2002
COL,GRN,2002
COL,GUA,2002
COL,GUY,2002
COL,HAI,2002
COL,HON,2002
COL,JAM,2002
COL,MEX,2002
COL,NIC,2002
COL,PAN,2002
COL,PAR,2002
COL,PER,2002
COL,SAL,2002
COL,SKN,2002
COL,SLU,2002
COL,SUR,2002
COL,SVG,2002
COL,TRI,2002
COL,URU,2002
COL,USA,2002
COL,VEN,2002
COM,ALG,2002
COM,BAH,2002
COM,DJI,2002
COM,FRN,2002
COM,IRQ,2002
COM,JOR,2002
COM,KUW,2002
COM,LEB,2002
COM,LIB,2002
COM,MOR,2002
COM,OMA,2002
COM,QAT,2002
COM,SAU,2002
COM,SOM,2002
COM,SUD,2002
COM,SYR,2002
COM,TUN,2002
COM,UAE,2002
COM,YEM,2002
CON,ANG,2002
CON,BUI,2002
CON,CAO,2002
CON,CEN,2002
CON,CHA,2002
CON,DRC,2002
CON,EQG,2002
CON,GAB,2002
CON,RWA,2002
CON,STP,2002
COS,AAB,2002
COS,ARG,2002
COS,BAR,2002
COS,BHM,2002
COS,BLZ,2002
COS,BOL,2002
COS,BRA,2002
COS,CAN,2002
COS,CHL,2002
COS,COL,2002
COS,DMA,2002
COS,DOM,2002
COS,ECU,2002
COS,GRN,2002
COS,GUA,2002
COS,GUY,2002
COS,HAI,2002
COS,HON,2002
COS,JAM,2002
COS,MEX,2002
COS,NIC,2002
COS,PAN,2002
COS,PAR,2002
COS,PER,2002
COS,SAL,2002
COS,SKN,2002
COS,SLU,2002
COS,SUR,2002
COS,SVG,2002
COS,TRI,2002
COS,URU,2002
COS,USA,2002
COS,VEN,2002
CRO,BOS,2002
CUB,PRK,2002
CZR,BEL,2002
CZR,CAN,2002
CZR,DEN,2002
CZR,FRN,2002
CZR,GMY,2002
CZR,GRC,2002
CZR,HUN,2002
CZR,ICE,2002
CZR,ITA,2002
CZR,LUX,2002
CZR,NOR,2002
CZR,NTH,2002
CZR,POL,2002
CZR,POR,2002
CZR,SLO,2002
CZR,SPN,2002
CZR,TUR,2002
CZR,UKG,2002
CZR,USA,2002
DEN,BEL,2002
DEN,CAN,2002
DEN,CZR,2002
DEN,FRN,2002
DEN,GMY,2002
DEN,GRC,2002
DEN,HUN,2002
DEN,ICE,2002
DEN,ITA,2002
DEN,LUX,2002
DEN,NOR,2002
DEN,NTH,2002
DEN,POL,2002
DEN,POR,2002
DEN,SPN,2002
DEN,TUR,2002
DEN,UKG,2002
DEN,USA,2002
DJI,ALG,2002
DJI,BAH,2002
DJI,COM,2002
DJI,IRQ,2002
DJI,JOR,2002
DJI,KUW,2002
DJI,LEB,2002
DJI,LIB,2002
DJI,MOR,2002
DJI,OMA,2002
DJI,QAT,2002
DJI,SAU,2002
DJI,SOM,2002
DJI,SUD,2002
DJI,SYR,2002
DJI,TUN,2002
DJI,UAE,2002
DJI,YEM,2002
DMA,AAB,2002
DMA,ARG,2002
DMA,BAR,2002
DMA,BHM,2002
DMA,BLZ,2002
DMA,BOL,2002
DMA,BRA,2002
DMA,CAN,2002
DMA,CHL,2002
DMA,COL,2002
DMA,COS,2002
DMA,DOM,2002
DMA,ECU,2002
DMA,GRN,2002
DMA,GUA,2002
DMA,GUY,2002
DMA,HAI,2002
DMA,HON,2002
DMA,JAM,2002
DMA,MEX,2002
DMA,NIC,2002
DMA,PAN,2002
DMA,PAR,2002
DMA,PER,2002
DMA,SAL,2002
DMA,SKN,2002
DMA,SLU,2002
DMA,SUR,2002
DMA,SVG,2002
DMA,TRI,2002
DMA,URU,2002
DMA,USA,2002
DMA,VEN,2002
DOM,AAB,2002
DOM,ARG,2002
DOM,BAR,2002
DOM,BHM,2002
DOM,BLZ,2002
DOM,BOL,2002
DOM,BRA,2002
DOM,CAN,2002
DOM,CHL,2002
DOM,COL,2002
DOM,COS,2002
DOM,DMA,2002
DOM,ECU,2002
DOM,GRN,2002
DOM,GUA,2002
DOM,GUY,2002
DOM,HAI,2002
DOM,HON,2002
DOM,JAM,2002
DOM,MEX,2002
DOM,NIC,2002
DOM,PAN,2002
DOM,PAR,2002
DOM,PER,2002
DOM,SAL,2002
DOM,SKN,2002
DOM,SLU,2002
DOM,SUR,2002
DOM,SVG,2002
DOM,TRI,2002
DOM,URU,2002
DOM,USA,2002
DOM,VEN,2002
DRC,ANG,2002
DRC,BUI,2002
DRC,CAO,2002
DRC,CEN,2002
DRC,CHA,2002
DRC,CON,2002
DRC,EQG,2002
DRC,GAB,2002
DRC,RWA,2002
DRC,STP,2002
ECU,AAB,2002
ECU,ARG,2002
ECU,BAR,2002
ECU,BHM,2002
ECU,BLZ,2002
ECU,BOL,2002
ECU,BRA,2002
ECU,CAN,2002
ECU,CHL,2002
ECU,COL,2002
ECU,COS,2002
ECU,DMA,2002
ECU,DOM,2002
ECU,GRN,2002
ECU,GUA,2002
ECU,GUY,2002
ECU,HAI,2002
ECU,HON,2002
ECU,JAM,2002
ECU,MEX,2002
ECU,NIC,2002
ECU,PAN,2002
ECU,PAR,2002
ECU,PER,2002
ECU,SAL,2002
ECU,SKN,2002
ECU,SLU,2002
ECU,SUR,2002
ECU,SVG,2002
ECU,TRI,2002
ECU,URU,2002
ECU,USA,2002
ECU,VEN,2002
EQG,ANG,2002
EQG,BUI,2002
EQG,BUI,2002
EQG,BUI,2002
EQG,BUI,2002
EQG,BUI,2002
EQG,BUI,2002
EQG,BUI,2002
EQG,BUI,2002
EQG,BUI,2002
EQG,BUI,2002
EQG,BUI,2002
EQG,BUI,2002
EQG,BUI,2002
EQG,BUI,2002
EQG,BUI,2002
EQG,BUI,2002
EQG,CAO,2002
EQG,CEN,2002
EQG,CHA,2002
EQG,CON,2002
EQG,DRC,2002
EQG,GAB,2002
EQG,RWA,2002
EQG,STP,2002
ETH,KEN,2002
FRN,BEL,2002
FRN,CAN,2002
FRN,CEN,2002
FRN,COM,2002
FRN,CZR,2002
FRN,DEN,2002
FRN,DJI,2002
FRN,GAB,2002
FRN,GMY,2002
FRN,GRC,2002
FRN,HUN,2002
FRN,ICE,2002
FRN,ITA,2002
FRN,LUX,2002
FRN,NOR,2002
FRN,NTH,2002
FRN,POL,2002
FRN,POR,2002
FRN,SEN,2002
FRN,SPN,2002
FRN,TUR,2002
FRN,UKG,2002
FRN,USA,2002
GAB,ANG,2002
GAB,BUI,2002
GAB,CAO,2002
GAB,CEN,2002
GAB,CHA,2002
GAB,CON,2002
GAB,DRC,2002
GAB,EQG,2002
GAB,FRN,2002
GAB,RWA,2002
GAB,STP,2002
GAM,BEN,2002
GAM,BFO,2002
GAM,CDI,2002
GAM,GHA,2002
GAM,GNB,2002
GAM,GUI,2002
GAM,LBR,2002
GAM,MAA,2002
GAM,NIG,2002
GAM,NIR,2002
GAM,SEN,2002
GAM,SIE,2002
GAM,TOG,2002
GHA,BEN,2002
GHA,BFO,2002
GHA,CDI,2002
GHA,GAM,2002
GHA,GNB,2002
GHA,GUI,2002
GHA,LBR,2002
GHA,MAA,2002
GHA,NIG,2002
GHA,NIR,2002
GHA,SEN,2002
GHA,SIE,2002
GHA,TOG,2002
GMY,BEL,2002
GMY,CAN,2002
GMY,CZR,2002
GMY,DEN,2002
GMY,FRN,2002
GMY,GRC,2002
GMY,HUN,2002
GMY,ICE,2002
GMY,ITA,2002
GMY,LUX,2002
GMY,NOR,2002
GMY,NTH,2002
GMY,POL,2002
GMY,POR,2002
GMY,SPN,2002
GMY,TUR,2002
GMY,UKG,2002
GMY,USA,2002
GNB,BEN,2002
GNB,BFO,2002
GNB,CDI,2002
GNB,GAM,2002
GNB,GHA,2002
GNB,GUI,2002
GNB,LBR,2002
GNB,MAA,2002
GNB,NIG,2002
GNB,NIR,2002
GNB,SEN,2002
GNB,SIE,2002
GNB,TOG,2002
GRC,BEL,2002
GRC,CAN,2002
GRC,CZR,2002
GRC,DEN,2002
GRC,FRN,2002
GRC,GMY,2002
GRC,HUN,2002
GRC,ICE,2002
GRC,ITA,2002
GRC,LUX,2002
GRC,NOR,2002
GRC,NTH,2002
GRC,POL,2002
GRC,POR,2002
GRC,SPN,2002
GRC,TUR,2002
GRC,UKG,2002
GRC,USA,2002
GRG,ARM,2002
GRG,AZE,2002
GRG,BLR,2002
GRG,KYR,2002
GRG,KZK,2002
GRG,RUS,2002
GRG,TAJ,2002
GRG,UZB,2002
GRN,AAB,2002
GRN,ARG,2002
GRN,BAR,2002
GRN,BHM,2002
GRN,BLZ,2002
GRN,BOL,2002
GRN,BRA,2002
GRN,CAN,2002
GRN,CHL,2002
GRN,COL,2002
GRN,COS,2002
GRN,DMA,2002
GRN,DOM,2002
GRN,ECU,2002
GRN,GUA,2002
GRN,GUY,2002
GRN,HAI,2002
GRN,HON,2002
GRN,JAM,2002
GRN,MEX,2002
GRN,NIC,2002
GRN,PAN,2002
GRN,PAR,2002
GRN,PER,2002
GRN,SAL,2002
GRN,SKN,2002
GRN,SLU,2002
GRN,SUR,2002
GRN,SVG,2002
GRN,TRI,2002
GRN,URU,2002
GRN,USA,2002
GRN,VEN,2002
GUA,AAB,2002
GUA,ARG,2002
GUA,BAR,2002
GUA,BHM,2002
GUA,BLZ,2002
GUA,BOL,2002
GUA,BRA,2002
GUA,CAN,2002
GUA,CHL,2002
GUA,COL,2002
GUA,COS,2002
GUA,DMA,2002
GUA,DOM,2002
GUA,ECU,2002
GUA,GRN,2002
GUA,GUY,2002
GUA,HAI,2002
GUA,HON,2002
GUA,JAM,2002
GUA,MEX,2002
GUA,NIC,2002
GUA,PAN,2002
GUA,PAR,2002
GUA,PER,2002
GUA,SAL,2002
GUA,SKN,2002
GUA,SLU,2002
GUA,SUR,2002
GUA,SVG,2002
GUA,TRI,2002
GUA,URU,2002
GUA,USA,2002
GUA,VEN,2002
GUI,BEN,2002
GUI,BFO,2002
GUI,CDI,2002
GUI,GAM,2002
GUI,GHA,2002
GUI,GNB,2002
GUI,LBR,2002
GUI,MAA,2002
GUI,NIG,2002
GUI,NIR,2002
GUI,SEN,2002
GUI,SIE,2002
GUI,TOG,2002
GUY,AAB,2002
GUY,ARG,2002
GUY,BAR,2002
GUY,BHM,2002
GUY,BLZ,2002
GUY,BOL,2002
GUY,BRA,2002
GUY,CAN,2002
GUY,CHL,2002
GUY,COL,2002
GUY,COS,2002
GUY,DMA,2002
GUY,DOM,2002
GUY,ECU,2002
GUY,GRN,2002
GUY,GUA,2002
GUY,HAI,2002
GUY,HON,2002
GUY,JAM,2002
GUY,MEX,2002
GUY,NIC,2002
GUY,PAN,2002
GUY,PAR,2002
GUY,PER,2002
GUY,SAL,2002
GUY,SKN,2002
GUY,SLU,2002
GUY,SUR,2002
GUY,SVG,2002
GUY,TRI,2002
GUY,URU,2002
GUY,USA,2002
GUY,VEN,2002
HAI,AAB,2002
HAI,ARG,2002
HAI,BAR,2002
HAI,BHM,2002
HAI,BLZ,2002
HAI,BOL,2002
HAI,BRA,2002
HAI,CAN,2002
HAI,CHL,2002
HAI,COL,2002
HAI,COS,2002
HAI,DMA,2002
HAI,DOM,2002
HAI,ECU,2002
HAI,GRN,2002
HAI,GUA,2002
HAI,GUY,2002
HAI,HON,2002
HAI,JAM,2002
HAI,MEX,2002
HAI,NIC,2002
HAI,PAN,2002
HAI,PAR,2002
HAI,PER,2002
HAI,SAL,2002
HAI,SKN,2002
HAI,SLU,2002
HAI,SUR,2002
HAI,SVG,2002
HAI,TRI,2002
HAI,URU,2002
HAI,USA,2002
HAI,VEN,2002
HON,AAB,2002
HON,ARG,2002
HON,BAR,2002
HON,BHM,2002
HON,BLZ,2002
HON,BOL,2002
HON,BRA,2002
HON,CAN,2002
HON,CHL,2002
HON,COL,2002
HON,COS,2002
HON,DMA,2002
HON,DOM,2002
HON,ECU,2002
HON,GRN,2002
HON,GUA,2002
HON,GUY,2002
HON,HAI,2002
HON,JAM,2002
HON,MEX,2002
HON,NIC,2002
HON,PAN,2002
HON,PAR,2002
HON,PER,2002
HON,SAL,2002
HON,SKN,2002
HON,SLU,2002
HON,SUR,2002
HON,SVG,2002
HON,TRI,2002
HON,URU,2002
HON,USA,2002
HON,VEN,2002
HUN,BEL,2002
HUN,CAN,2002
HUN,CZR,2002
HUN,DEN,2002
HUN,FRN,2002
HUN,GMY,2002
HUN,GRC,2002
HUN,ICE,2002
HUN,ITA,2002
HUN,LUX,2002
HUN,NOR,2002
HUN,NTH,2002
HUN,POL,2002
HUN,POR,2002
HUN,SPN,2002
HUN,TUR,2002
HUN,UKG,2002
HUN,USA,2002
ICE,BEL,2002
ICE,CAN,2002
ICE,CZR,2002
ICE,DEN,2002
ICE,FRN,2002
ICE,GMY,2002
ICE,GRC,2002
ICE,HUN,2002
ICE,ITA,2002
ICE,LUX,2002
ICE,NOR,2002
ICE,NTH,2002
ICE,POL,2002
ICE,POR,2002
ICE,SPN,2002
ICE,TUR,2002
ICE,UKG,2002
ICE,USA,2002
IRQ,ALG,2002
IRQ,BAH,2002
IRQ,COM,2002
IRQ,DJI,2002
IRQ,JOR,2002
IRQ,KUW,2002
IRQ,LEB,2002
IRQ,LIB,2002
IRQ,MOR,2002
IRQ,OMA,2002
IRQ,QAT,2002
IRQ,SAU,2002
IRQ,SOM,2002
IRQ,SUD,2002
IRQ,SYR,2002
IRQ,TUN,2002
IRQ,UAE,2002
IRQ,YEM,2002
ITA,BEL,2002
ITA,CAN,2002
ITA,CZR,2002
ITA,DEN,2002
ITA,FRN,2002
ITA,GMY,2002
ITA,GRC,2002
ITA,HUN,2002
ITA,ICE,2002
ITA,LUX,2002
ITA,NOR,2002
ITA,NTH,2002
ITA,POL,2002
ITA,POR,2002
ITA,SPN,2002
ITA,TUR,2002
ITA,UKG,2002
ITA,USA,2002
JAM,AAB,2002
JAM,ARG,2002
JAM,BAR,2002
JAM,BHM,2002
JAM,BLZ,2002
JAM,BOL,2002
JAM,BRA,2002
JAM,CAN,2002
JAM,CHL,2002
JAM,COL,2002
JAM,COS,2002
JAM,DMA,2002
JAM,DOM,2002
JAM,ECU,2002
JAM,GRN,2002
JAM,GUA,2002
JAM,GUY,2002
JAM,HAI,2002
JAM,HON,2002
JAM,MEX,2002
JAM,NIC,2002
JAM,PAN,2002
JAM,PAR,2002
JAM,PER,2002
JAM,SAL,2002
JAM,SKN,2002
JAM,SLU,2002
JAM,SUR,2002
JAM,SVG,2002
JAM,TRI,2002
JAM,URU,2002
JAM,USA,2002
JAM,VEN,2002
JOR,ALG,2002
JOR,BAH,2002
JOR,COM,2002
JOR,DJI,2002
JOR,IRQ,2002
JOR,KUW,2002
JOR,LEB,2002
JOR,LIB,2002
JOR,MOR,2002
JOR,OMA,2002
JOR,QAT,2002
JOR,SAU,2002
JOR,SOM,2002
JOR,SUD,2002
JOR,SYR,2002
JOR,TUN,2002
JOR,UAE,2002
JOR,YEM,2002
KEN,ETH,2002
KUW,ALG,2002
KUW,BAH,2002
KUW,COM,2002
KUW,DJI,2002
KUW,IRQ,2002
KUW,JOR,2002
KUW,LEB,2002
KUW,LIB,2002
KUW,MOR,2002
KUW,OMA,2002
KUW,QAT,2002
KUW,SAU,2002
KUW,SOM,2002
KUW,SUD,2002
KUW,SYR,2002
KUW,TUN,2002
KUW,UAE,2002
KUW,YEM,2002
KYR,ARM,2002
KYR,AZE,2002
KYR,BLR,2002
KYR,GRG,2002
KYR,KZK,2002
KYR,RUS,2002
KYR,TAJ,2002
KYR,UZB,2002
KZK,ARM,2002
KZK,AZE,2002
KZK,BLR,2002
KZK,GRG,2002
KZK,KYR,2002
KZK,RUS,2002
KZK,TAJ,2002
KZK,UZB,2002
LBR,BEN,2002
LBR,BFO,2002
LBR,CDI,2002
LBR,GAM,2002
LBR,GHA,2002
LBR,GNB,2002
LBR,GUI,2002
LBR,MAA,2002
LBR,NIG,2002
LBR,NIR,2002
LBR,SEN,2002
LBR,SIE,2002
LBR,TOG,2002
LEB,ALG,2002
LEB,BAH,2002
LEB,COM,2002
LEB,DJI,2002
LEB,IRQ,2002
LEB,JOR,2002
LEB,KUW,2002
LEB,LIB,2002
LEB,MOR,2002
LEB,OMA,2002
LEB,QAT,2002
LEB,SAU,2002
LEB,SOM,2002
LEB,SUD,2002
LEB,SYR,2002
LEB,TUN,2002
LEB,UAE,2002
LEB,YEM,2002
LIB,ALG,2002
LIB,BAH,2002
LIB,COM,2002
LIB,DJI,2002
LIB,IRQ,2002
LIB,JOR,2002
LIB,KUW,2002
LIB,LEB,2002
LIB,MAA,2002
LIB,MOR,2002
LIB,OMA,2002
LIB,QAT,2002
LIB,SAU,2002
LIB,SOM,2002
LIB,SUD,2002
LIB,SYR,2002
LIB,TUN,2002
LIB,UAE,2002
LIB,YEM,2002
LUX,BEL,2002
LUX,CAN,2002
LUX,CZR,2002
LUX,DEN,2002
LUX,FRN,2002
LUX,GMY,2002
LUX,GRC,2002
LUX,HUN,2002
LUX,ICE,2002
LUX,ITA,2002
LUX,NOR,2002
LUX,NTH,2002
LUX,POL,2002
LUX,POR,2002
LUX,SPN,2002
LUX,TUR,2002
LUX,UKG,2002
LUX,USA,2002
MAA,ALG,2002
MAA,BEN,2002
MAA,BFO,2002
MAA,CDI,2002
MAA,GAM,2002
MAA,GHA,2002
MAA,GNB,2002
MAA,GUI,2002
MAA,LBR,2002
MAA,LIB,2002
MAA,MOR,2002
MAA,NIG,2002
MAA,NIR,2002
MAA,SEN,2002
MAA,SIE,2002
MAA,TOG,2002
MAA,TUN,2002
MEX,AAB,2002
MEX,ARG,2002
MEX,BAR,2002
MEX,BHM,2002
MEX,BLZ,2002
MEX,BOL,2002
MEX,BRA,2002
MEX,CAN,2002
MEX,CHL,2002
MEX,COL,2002
MEX,COS,2002
MEX,DMA,2002
MEX,DOM,2002
MEX,ECU,2002
MEX,GRN,2002
MEX,GUA,2002
MEX,GUY,2002
MEX,HAI,2002
MEX,HON,2002
MEX,JAM,2002
MEX,NIC,2002
MEX,PAN,2002
MEX,PAR,2002
MEX,PER,2002
MEX,SAL,2002
MEX,SKN,2002
MEX,SLU,2002
MEX,SUR,2002
MEX,SVG,2002
MEX,TRI,2002
MEX,URU,2002
MEX,USA,2002
MEX,VEN,2002
MOR,ALG,2002
MOR,BAH,2002
MOR,COM,2002
MOR,DJI,2002
MOR,IRQ,2002
MOR,JOR,2002
MOR,KUW,2002
MOR,LEB,2002
MOR,LIB,2002
MOR,MAA,2002
MOR,OMA,2002
MOR,QAT,2002
MOR,SAU,2002
MOR,SOM,2002
MOR,SUD,2002
MOR,SYR,2002
MOR,TUN,2002
MOR,UAE,2002
MOR,YEM,2002
NIC,AAB,2002
NIC,ARG,2002
NIC,BAR,2002
NIC,BHM,2002
NIC,BLZ,2002
NIC,BOL,2002
NIC,BRA,2002
NIC,CAN,2002
NIC,CHL,2002
NIC,COL,2002
NIC,COS,2002
NIC,DMA,2002
NIC,DOM,2002
NIC,ECU,2002
NIC,GRN,2002
NIC,GUA,2002
NIC,GUY,2002
NIC,HAI,2002
NIC,HON,2002
NIC,JAM,2002
NIC,MEX,2002
NIC,PAN,2002
NIC,PAR,2002
NIC,PER,2002
NIC,SAL,2002
NIC,SKN,2002
NIC,SLU,2002
NIC,SUR,2002
NIC,SVG,2002
NIC,TRI,2002
NIC,URU,2002
NIC,USA,2002
NIC,VEN,2002
NIG,BEN,2002
NIG,BFO,2002
NIG,CDI,2002
NIG,GAM,2002
NIG,GHA,2002
NIG,GNB,2002
NIG,GUI,2002
NIG,LBR,2002
NIG,MAA,2002
NIG,NIR,2002
NIG,SEN,2002
NIG,SIE,2002
NIG,TOG,2002
NIR,BEN,2002
NIR,BFO,2002
NIR,CDI,2002
NIR,GAM,2002
NIR,GHA,2002
NIR,GNB,2002
NIR,GUI,2002
NIR,LBR,2002
NIR,MAA,2002
NIR,NIG,2002
NIR,SEN,2002
NIR,SIE,2002
NIR,TOG,2002
NOR,BEL,2002
NOR,CAN,2002
NOR,CZR,2002
NOR,DEN,2002
NOR,FRN,2002
NOR,GMY,2002
NOR,GRC,2002
NOR,HUN,2002
NOR,ICE,2002
NOR,ITA,2002
NOR,LUX,2002
NOR,NTH,2002
NOR,POL,2002
NOR,POR,2002
NOR,SPN,2002
NOR,TUR,2002
NOR,UKG,2002
NOR,USA,2002
NTH,BEL,2002
NTH,CAN,2002
NTH,CZR,2002
NTH,DEN,2002
NTH,FRN,2002
NTH,GMY,2002
NTH,GRC,2002
NTH,HUN,2002
NTH,ICE,2002
NTH,ITA,2002
NTH,LUX,2002
NTH,NOR,2002
NTH,POL,2002
NTH,POR,2002
NTH,SPN,2002
NTH,TUR,2002
NTH,UKG,2002
NTH,USA,2002
OMA,ALG,2002
OMA,BAH,2002
OMA,COM,2002
OMA,DJI,2002
OMA,IRQ,2002
OMA,JOR,2002
OMA,KUW,2002
OMA,LEB,2002
OMA,LIB,2002
OMA,MOR,2002
OMA,QAT,2002
OMA,SAU,2002
OMA,SOM,2002
OMA,SUD,2002
OMA,SYR,2002
OMA,TUN,2002
OMA,UAE,2002
OMA,YEM,2002
PAN,AAB,2002
PAN,ARG,2002
PAN,BAR,2002
PAN,BHM,2002
PAN,BLZ,2002
PAN,BOL,2002
PAN,BRA,2002
PAN,CAN,2002
PAN,CHL,2002
PAN,COL,2002
PAN,COS,2002
PAN,DMA,2002
PAN,DOM,2002
PAN,ECU,2002
PAN,GRN,2002
PAN,GUA,2002
PAN,GUY,2002
PAN,HAI,2002
PAN,HON,2002
PAN,JAM,2002
PAN,MEX,2002
PAN,NIC,2002
PAN,PAR,2002
PAN,PER,2002
PAN,SAL,2002
PAN,SKN,2002
PAN,SLU,2002
PAN,SUR,2002
PAN,SVG,2002
PAN,TRI,2002
PAN,URU,2002
PAN,USA,2002
PAN,VEN,2002
PAR,AAB,2002
PAR,ARG,2002
PAR,BAR,2002
PAR,BHM,2002
PAR,BLZ,2002
PAR,BOL,2002
PAR,BRA,2002
PAR,CAN,2002
PAR,CHL,2002
PAR,COL,2002
PAR,COS,2002
PAR,DMA,2002
PAR,DOM,2002
PAR,ECU,2002
PAR,GRN,2002
PAR,GUA,2002
PAR,GUY,2002
PAR,HAI,2002
PAR,HON,2002
PAR,JAM,2002
PAR,MEX,2002
PAR,NIC,2002
PAR,PAN,2002
PAR,PER,2002
PAR,SAL,2002
PAR,SKN,2002
PAR,SLU,2002
PAR,SUR,2002
PAR,SVG,2002
PAR,TRI,2002
PAR,URU,2002
PAR,USA,2002
PAR,VEN,2002
PER,AAB,2002
PER,ARG,2002
PER,BAR,2002
PER,BHM,2002
PER,BLZ,2002
PER,BOL,2002
PER,BRA,2002
PER,CAN,2002
PER,CHL,2002
PER,COL,2002
PER,COS,2002
PER,DMA,2002
PER,DOM,2002
PER,ECU,2002
PER,GRN,2002
PER,GUA,2002
PER,GUY,2002
PER,HAI,2002
PER,HON,2002
PER,JAM,2002
PER,MEX,2002
PER,NIC,2002
PER,PAN,2002
PER,PAR,2002
PER,SAL,2002
PER,SKN,2002
PER,SLU,2002
PER,SUR,2002
PER,SVG,2002
PER,TRI,2002
PER,URU,2002
PER,USA,2002
PER,VEN,2002
PHI,USA,2002
POL,BEL,2002
POL,CAN,2002
POL,CZR,2002
POL,DEN,2002
POL,FRN,2002
POL,GMY,2002
POL,GRC,2002
POL,HUN,2002
POL,ICE,2002
POL,ITA,2002
POL,LUX,2002
POL,NOR,2002
POL,NTH,2002
POL,POR,2002
POL,SPN,2002
POL,TUR,2002
POL,UKG,2002
POL,USA,2002
POR,BEL,2002
POR,CAN,2002
POR,CZR,2002
POR,DEN,2002
POR,FRN,2002
POR,GMY,2002
POR,GRC,2002
POR,HUN,2002
POR,ICE,2002
POR,ITA,2002
POR,LUX,2002
POR,NOR,2002
POR,NTH,2002
POR,POL,2002
POR,SPN,2002
POR,TUR,2002
POR,UKG,2002
POR,USA,2002
PRK,CHN,2002
PRK,CUB,2002
QAT,ALG,2002
QAT,BAH,2002
QAT,COM,2002
QAT,DJI,2002
QAT,IRQ,2002
QAT,JOR,2002
QAT,KUW,2002
QAT,LEB,2002
QAT,LIB,2002
QAT,MOR,2002
QAT,OMA,2002
QAT,SAU,2002
QAT,SOM,2002
QAT,SUD,2002
QAT,SYR,2002
QAT,TUN,2002
QAT,UAE,2002
QAT,YEM,2002
ROK,USA,2002
RUS,ARM,2002
RUS,AZE,2002
RUS,BLR,2002
RUS,GRG,2002
RUS,KYR,2002
RUS,KZK,2002
RUS,TAJ,2002
RUS,TKM,2002
RUS,TKM,2002
RUS,TKM,2002
RUS,TKM,2002
RUS,TKM,2002
RUS,TKM,2002
RUS,TKM,2002
RUS,TKM,2002
RUS,TKM,2002
RUS,TKM,2002
RUS,TKM,2002
RUS,TKM,2002
RUS,TKM,2002
RUS,TKM,2002
RUS,TKM,2002
RUS,TKM,2002
RUS,UZB,2002
RWA,ANG,2002
RWA,BUI,2002
RWA,CAO,2002
RWA,CEN,2002
RWA,CHA,2002
RWA,CON,2002
RWA,DRC,2002
RWA,EQG,2002
RWA,GAB,2002
RWA,STP,2002
RWA,STP,2002
RWA,STP,2002
SAL,AAB,2002
SAL,ARG,2002
SAL,BAR,2002
SAL,BHM,2002
SAL,BLZ,2002
SAL,BOL,2002
SAL,BRA,2002
SAL,CAN,2002
SAL,CHL,2002
SAL,COL,2002
SAL,COS,2002
SAL,DMA,2002
SAL,DOM,2002
SAL,ECU,2002
SAL,GRN,2002
SAL,GUA,2002
SAL,GUY,2002
SAL,HAI,2002
SAL,HON,2002
SAL,JAM,2002
SAL,MEX,2002
SAL,NIC,2002
SAL,PAN,2002
SAL,PAR,2002
SAL,PER,2002
SAL,SKN,2002
SAL,SLU,2002
SAL,SUR,2002
SAL,SVG,2002
SAL,TRI,2002
SAL,URU,2002
SAL,USA,2002
SAL,VEN,2002
SAU,ALG,2002
SAU,BAH,2002
SAU,COM,2002
SAU,DJI,2002
SAU,IRQ,2002
SAU,JOR,2002
SAU,KUW,2002
SAU,LEB,2002
SAU,LIB,2002
SAU,MOR,2002
SAU,OMA,2002
SAU,QAT,2002
SAU,SOM,2002
SAU,SUD,2002
SAU,SYR,2002
SAU,TUN,2002
SAU,UAE,2002
SAU,YEM,2002
SEN,BEN,2002
SEN,BFO,2002
SEN,CDI,2002
SEN,FRN,2002
SEN,GAM,2002
SEN,GHA,2002
SEN,GNB,2002
SEN,GUI,2002
SEN,LBR,2002
SEN,MAA,2002
SEN,NIG,2002
SEN,NIR,2002
SEN,SIE,2002
SEN,TOG,2002
SIE,BEN,2002
SIE,BFO,2002
SIE,CDI,2002
SIE,GAM,2002
SIE,GHA,2002
SIE,GNB,2002
SIE,GUI,2002
SIE,LBR,2002
SIE,MAA,2002
SIE,NIG,2002
SIE,NIR,2002
SIE,SEN,2002
SIE,TOG,2002
SKN,AAB,2002
SKN,ARG,2002
SKN,BAR,2002
SKN,BHM,2002
SKN,BLZ,2002
SKN,BOL,2002
SKN,BRA,2002
SKN,CAN,2002
SKN,CHL,2002
SKN,COL,2002
SKN,COS,2002
SKN,DMA,2002
SKN,DOM,2002
SKN,ECU,2002
SKN,GRN,2002
SKN,GUA,2002
SKN,GUY,2002
SKN,HAI,2002
SKN,HON,2002
SKN,JAM,2002
SKN,MEX,2002
SKN,NIC,2002
SKN,PAN,2002
SKN,PAR,2002
SKN,PER,2002
SKN,SAL,2002
SKN,SLU,2002
SKN,SUR,2002
SKN,SVG,2002
SKN,TRI,2002
SKN,URU,2002
SKN,USA,2002
SKN,VEN,2002
SLO,CZR,2002
SLU,AAB,2002
SLU,ARG,2002
SLU,BAR,2002
SLU,BHM,2002
SLU,BLZ,2002
SLU,BOL,2002
SLU,BRA,2002
SLU,CAN,2002
SLU,CHL,2002
SLU,COL,2002
SLU,COS,2002
SLU,DMA,2002
SLU,DOM,2002
SLU,ECU,2002
SLU,GRN,2002
SLU,GUA,2002
SLU,GUY,2002
SLU,HAI,2002
SLU,HON,2002
SLU,JAM,2002
SLU,MEX,2002
SLU,NIC,2002
SLU,PAN,2002
SLU,PAR,2002
SLU,PER,2002
SLU,SAL,2002
SLU,SKN,2002
SLU,SUR,2002
SLU,SVG,2002
SLU,TRI,2002
SLU,URU,2002
SLU,USA,2002
SLU,VEN,2002
SOM,ALG,2002
SOM,BAH,2002
SOM,COM,2002
SOM,DJI,2002
SOM,IRQ,2002
SOM,JOR,2002
SOM,KUW,2002
SOM,LEB,2002
SOM,LIB,2002
SOM,MOR,2002
SOM,OMA,2002
SOM,QAT,2002
SOM,SAU,2002
SOM,SUD,2002
SOM,SYR,2002
SOM,TUN,2002
SOM,UAE,2002
SOM,YEM,2002
SPN,BEL,2002
SPN,CAN,2002
SPN,CZR,2002
SPN,DEN,2002
SPN,FRN,2002
SPN,GMY,2002
SPN,GRC,2002
SPN,HUN,2002
SPN,ICE,2002
SPN,ITA,2002
SPN,LUX,2002
SPN,NOR,2002
SPN,NTH,2002
SPN,POL,2002
SPN,POR,2002
SPN,TUR,2002
SPN,UKG,2002
SPN,USA,2002
STP,ANG,2002
STP,BUI,2002
STP,CAO,2002
STP,CEN,2002
STP,CHA,2002
STP,CON,2002
STP,DRC,2002
STP,EQG,2002
STP,GAB,2002
STP,RWA,2002
SUD,ALG,2002
SUD,BAH,2002
SUD,COM,2002
SUD,DJI,2002
SUD,IRQ,2002
SUD,JOR,2002
SUD,KUW,2002
SUD,LEB,2002
SUD,LIB,2002
SUD,MOR,2002
SUD,OMA,2002
SUD,QAT,2002
SUD,SAU,2002
SUD,SOM,2002
SUD,SYR,2002
SUD,TUN,2002
SUD,UAE,2002
SUD,YEM,2002
SUR,AAB,2002
SUR,ARG,2002
SUR,BAR,2002
SUR,BHM,2002
SUR,BLZ,2002
SUR,BOL,2002
SUR,BRA,2002
SUR,CAN,2002
SUR,CHL,2002
SUR,COL,2002
SUR,COS,2002
SUR,DMA,2002
SUR,DOM,2002
SUR,ECU,2002
SUR,GRN,2002
SUR,GUA,2002
SUR,GUY,2002
SUR,HAI,2002
SUR,HON,2002
SUR,JAM,2002
SUR,MEX,2002
SUR,NIC,2002
SUR,PAN,2002
SUR,PAR,2002
SUR,PER,2002
SUR,SAL,2002
SUR,SKN,2002
SUR,SLU,2002
SUR,SVG,2002
SUR,TRI,2002
SUR,URU,2002
SUR,USA,2002
SUR,VEN,2002
SVG,AAB,2002
SVG,ARG,2002
SVG,BAR,2002
SVG,BHM,2002
SVG,BLZ,2002
SVG,BOL,2002
SVG,BRA,2002
SVG,CAN,2002
SVG,CHL,2002
SVG,COL,2002
SVG,COS,2002
SVG,DMA,2002
SVG,DOM,2002
SVG,ECU,2002
SVG,GRN,2002
SVG,GUA,2002
SVG,GUY,2002
SVG,HAI,2002
SVG,HON,2002
SVG,JAM,2002
SVG,MEX,2002
SVG,NIC,2002
SVG,PAN,2002
SVG,PAR,2002
SVG,PER,2002
SVG,SAL,2002
SVG,SKN,2002
SVG,SLU,2002
SVG,SUR,2002
SVG,TRI,2002
SVG,URU,2002
SVG,USA,2002
SVG,VEN,2002
SYR,ALG,2002
SYR,BAH,2002
SYR,COM,2002
SYR,DJI,2002
SYR,IRQ,2002
SYR,JOR,2002
SYR,KUW,2002
SYR,LEB,2002
SYR,LIB,2002
SYR,MOR,2002
SYR,OMA,2002
SYR,QAT,2002
SYR,SAU,2002
SYR,SOM,2002
SYR,SUD,2002
SYR,TUN,2002
SYR,UAE,2002
SYR,YEM,2002
TAJ,ARM,2002
TAJ,AZE,2002
TAJ,BLR,2002
TAJ,GRG,2002
TAJ,KYR,2002
TAJ,KZK,2002
TAJ,RUS,2002
TAJ,UZB,2002
TKM,RUS,2002
TKM,RUS,2002
TKM,RUS,2002
TKM,RUS,2002
TKM,RUS,2002
TKM,RUS,2002
TKM,RUS,2002
TKM,RUS,2002
TKM,RUS,2002
TKM,RUS,2002
TKM,RUS,2002
TKM,RUS,2002
TKM,RUS,2002
TKM,RUS,2002
TKM,RUS,2002
TKM,RUS,2002
TOG,BEN,2002
TOG,BFO,2002
TOG,CDI,2002
TOG,GAM,2002
TOG,GHA,2002
TOG,GNB,2002
TOG,GUI,2002
TOG,LBR,2002
TOG,MAA,2002
TOG,NIG,2002
TOG,NIR,2002
TOG,SEN,2002
TOG,SIE,2002
TRI,AAB,2002
TRI,ARG,2002
TRI,BAR,2002
TRI,BHM,2002
TRI,BLZ,2002
TRI,BOL,2002
TRI,BRA,2002
TRI,CAN,2002
TRI,CHL,2002
TRI,COL,2002
TRI,COS,2002
TRI,DMA,2002
TRI,DOM,2002
TRI,ECU,2002
TRI,GRN,2002
TRI,GUA,2002
TRI,GUY,2002
TRI,HAI,2002
TRI,HON,2002
TRI,JAM,2002
TRI,MEX,2002
TRI,NIC,2002
TRI,PAN,2002
TRI,PAR,2002
TRI,PER,2002
TRI,SAL,2002
TRI,SKN,2002
TRI,SLU,2002
TRI,SUR,2002
TRI,SVG,2002
TRI,URU,2002
TRI,USA,2002
TRI,VEN,2002
TUN,ALG,2002
TUN,BAH,2002
TUN,COM,2002
TUN,DJI,2002
TUN,IRQ,2002
TUN,JOR,2002
TUN,KUW,2002
TUN,LEB,2002
TUN,LIB,2002
TUN,MAA,2002
TUN,MOR,2002
TUN,OMA,2002
TUN,QAT,2002
TUN,SAU,2002
TUN,SOM,2002
TUN,SUD,2002
TUN,SYR,2002
TUN,UAE,2002
TUN,YEM,2002
TUR,AZE,2002
TUR,BEL,2002
TUR,CAN,2002
TUR,CZR,2002
TUR,DEN,2002
TUR,FRN,2002
TUR,GMY,2002
TUR,GRC,2002
TUR,HUN,2002
TUR,ICE,2002
TUR,ITA,2002
TUR,LUX,2002
TUR,NOR,2002
TUR,NTH,2002
TUR,POL,2002
TUR,POR,2002
TUR,SPN,2002
TUR,UKG,2002
TUR,USA,2002
UAE,ALG,2002
UAE,BAH,2002
UAE,COM,2002
UAE,DJI,2002
UAE,IRQ,2002
UAE,JOR,2002
UAE,KUW,2002
UAE,LEB,2002
UAE,LIB,2002
UAE,MOR,2002
UAE,OMA,2002
UAE,QAT,2002
UAE,SAU,2002
UAE,SOM,2002
UAE,SUD,2002
UAE,SYR,2002
UAE,TUN,2002
UAE,YEM,2002
UKG,BEL,2002
UKG,CAN,2002
UKG,CZR,2002
UKG,DEN,2002
UKG,FRN,2002
UKG,GMY,2002
UKG,GRC,2002
UKG,HUN,2002
UKG,ICE,2002
UKG,ITA,2002
UKG,LUX,2002
UKG,NOR,2002
UKG,NTH,2002
UKG,POL,2002
UKG,POR,2002
UKG,SPN,2002
UKG,TUR,2002
UKG,USA,2002
URU,AAB,2002
URU,ARG,2002
URU,BAR,2002
URU,BHM,2002
URU,BLZ,2002
URU,BOL,2002
URU,BRA,2002
URU,CAN,2002
URU,CHL,2002
URU,COL,2002
URU,COS,2002
URU,DMA,2002
URU,DOM,2002
URU,ECU,2002
URU,GRN,2002
URU,GUA,2002
URU,GUY,2002
URU,HAI,2002
URU,HON,2002
URU,JAM,2002
URU,MEX,2002
URU,NIC,2002
URU,PAN,2002
URU,PAR,2002
URU,PER,2002
URU,SAL,2002
URU,SKN,2002
URU,SLU,2002
URU,SUR,2002
URU,SVG,2002
URU,TRI,2002
URU,USA,2002
URU,VEN,2002
USA,AAB,2002
USA,ARG,2002
USA,AUL,2002
USA,BAR,2002
USA,BEL,2002
USA,BHM,2002
USA,BLZ,2002
USA,BOL,2002
USA,BRA,2002
USA,CAN,2002
USA,CHL,2002
USA,COL,2002
USA,COS,2002
USA,CZR,2002
USA,DEN,2002
USA,DMA,2002
USA,DOM,2002
USA,ECU,2002
USA,FRN,2002
USA,GMY,2002
USA,GRC,2002
USA,GRN,2002
USA,GUA,2002
USA,GUY,2002
USA,HAI,2002
USA,HON,2002
USA,HUN,2002
USA,ICE,2002
USA,ITA,2002
USA,JAM,2002
USA,JPN,2002
USA,LUX,2002
USA,MEX,2002
USA,NIC,2002
USA,NOR,2002
USA,NTH,2002
USA,PAK,2002
USA,PAN,2002
USA,PAR,2002
USA,PER,2002
USA,PHI,2002
USA,POL,2002
USA,POR,2002
USA,ROK,2002
USA,SAL,2002
USA,SKN,2002
USA,SLU,2002
USA,SPN,2002
USA,SUR,2002
USA,SVG,2002
USA,TRI,2002
USA,TUR,2002
USA,UKG,2002
USA,URU,2002
USA,VEN,2002
UZB,ARM,2002
UZB,AZE,2002
UZB,BLR,2002
UZB,GRG,2002
UZB,KYR,2002
UZB,KZK,2002
UZB,RUS,2002
UZB,TAJ,2002
VEN,AAB,2002
VEN,ARG,2002
VEN,BAR,2002
VEN,BHM,2002
VEN,BLZ,2002
VEN,BOL,2002
VEN,BRA,2002
VEN,CAN,2002
VEN,CHL,2002
VEN,COL,2002
VEN,COS,2002
VEN,DMA,2002
VEN,DOM,2002
VEN,ECU,2002
VEN,GRN,2002
VEN,GUA,2002
VEN,GUY,2002
VEN,HAI,2002
VEN,HON,2002
VEN,JAM,2002
VEN,MEX,2002
VEN,NIC,2002
VEN,PAN,2002
VEN,PAR,2002
VEN,PER,2002
VEN,SAL,2002
VEN,SKN,2002
VEN,SLU,2002
VEN,SUR,2002
VEN,SVG,2002
VEN,TRI,2002
VEN,URU,2002
VEN,USA,2002
YEM,ALG,2002
YEM,BAH,2002
YEM,COM,2002
YEM,DJI,2002
YEM,IRQ,2002
YEM,JOR,2002
YEM,KUW,2002
YEM,LEB,2002
YEM,LIB,2002
YEM,MOR,2002
YEM,OMA,2002
YEM,QAT,2002
YEM,SAU,2002
YEM,SOM,2002
YEM,SUD,2002
YEM,SYR,2002
YEM,TUN,2002
YEM,UAE,2002
